2020년,,,,,,,
날짜,적요, 입금액 , 출금액 ,내용,구분,내용,상세내용
2020-01-01 11:43,매출입금779," 3,212,293 ",,매출,수입,매출,고객062
2020-01-01 12:28,매출입금143," 1,301,919 ",,매출,수입,매출,고객014
2020-01-02 9:08,매출입금853," 2,178,494 ",,매출,수입,매출,고객044
2020-01-02 10:55,매출입금431," 1,683,758 ",,매출,수입,매출,고객090
2020-01-03 14:48,지출846,," 1,168,230 ",인건비,지출,인건비,업체028
2020-01-03 18:18,매출입금220," 3,834,194 ",,매출,수입,매출,고객015
2020-01-04 9:51,매출입금391," 1,007,200 ",,매출,수입,매출,고객085
2020-01-05 11:58,매출입금746," 1,286,233 ",,매출,수입,매출,고객085
2020-01-05 16:33,매출입금634," 2,209,962 ",,매출,수입,매출,고객003
2020-01-05 16:55,지출965,," 1,388,835 ",임대료,지출,임대료,업체008
2020-01-06 12:06,매출입금086,"2,496,469",,매출,수입,매출,고객087
2020-01-06 13:34,지출200,,"751,686",운영비,지출,운영비,업체029
2020-01-06 13:42,매출입금290,"3,199,638",,매출,수입,매출,고객091
2020-01-06 15:52,매출입금145,"4,471,865",,매출,수입,매출,고객023
2020-01-06 17:04,매출입금471,"3,315,640",,매출,수입,매출,고객095
2020-01-06 17:26,지출188,," 1,331,331 ",운영비,지출,운영비,업체046
2020-01-06 17:32,지출931,," 1,328,545 ",기타,지출,기타,업체006
2020-01-07 17:05,매출입금248," 2,845,792 ",,매출,수입,매출,고객083
2020-01-08 9:54,매출입금072," 2,700,889 ",,매출,수입,매출,고객030
2020-01-08 15:49,매출입금264," 3,790,845 ",,매출,수입,매출,고객098
2020-01-10 10:35,매출입금984," 627,273 ",,매출,수입,매출,고객052
2020-01-10 12:05,매출입금168," 3,328,879 ",,매출,수입,매출,고객097
2020-01-10 18:57,지출019,," 150,300 ",기타,지출,기타,업체007
2020-01-11 12:46,매출입금739," 2,452,911 ",,매출,수입,매출,고객040
2020-01-11 13:36,지출589,," 797,430 ",재료비,지출,재료비,업체039
2020-01-11 16:12,지출197,," 1,660,288 ",임대료,지출,임대료,업체039
2020-01-12 11:43,매출입금573," 4,344,351 ",,매출,수입,매출,고객030
2020-01-12 12:30,매출입금224," 4,846,484 ",,매출,수입,매출,고객022
2020-01-12 13:24,매출입금601," 4,229,884 ",,매출,수입,매출,고객040
2020-01-13 18:16,매출입금791," 3,516,423 ",,매출,수입,매출,고객003
2020-01-14 12:42,매출입금793," 3,681,713 ",,매출,수입,매출,고객016
2020-01-14 13:01,지출356,," 1,971,898 ",기타,지출,기타,업체034
2020-01-14 14:32,지출630,," 802,010 ",임대료,지출,임대료,업체013
2020-01-14 15:51,지출486,," 793,529 ",인건비,지출,인건비,업체001
2020-01-14 18:44,매출입금831," 4,799,535 ",,매출,수입,매출,고객048
2020-01-15 12:56,매출입금750," 2,215,642 ",,매출,수입,매출,고객044
2020-01-15 15:57,매출입금860," 3,128,728 ",,매출,수입,매출,고객053
2020-01-15 16:36,매출입금235," 2,318,910 ",,매출,수입,매출,고객028
2020-01-16 11:22,지출181,," 1,362,249 ",재료비,지출,재료비,업체006
2020-01-16 16:00,지출848,," 1,422,000 ",운영비,지출,운영비,업체046
2020-01-17 15:46,지출387,," 724,331 ",인건비,지출,인건비,업체027
2020-01-17 17:07,매출입금385," 4,884,403 ",,매출,수입,매출,고객051
2020-01-17 18:50,매출입금389," 1,789,464 ",,매출,수입,매출,고객099
2020-01-18 10:59,매출입금768," 3,077,233 ",,매출,수입,매출,고객065
2020-01-18 14:06,지출064,," 292,423 ",인건비,지출,인건비,업체024
2020-01-19 12:59,매출입금425," 3,832,025 ",,매출,수입,매출,고객038
2020-01-19 15:11,지출119,," 1,917,382 ",재료비,지출,재료비,업체020
2020-01-19 18:44,매출입금227," 3,596,856 ",,매출,수입,매출,고객074
2020-01-20 18:57,지출347,," 133,968 ",재료비,지출,재료비,업체022
2020-01-20 18:57,지출097,," 1,156,308 ",인건비,지출,인건비,업체048
2020-01-21 9:20,지출066,," 1,875,834 ",기타,지출,기타,업체027
2020-01-21 10:19,매출입금826," 3,305,951 ",,매출,수입,매출,고객052
2020-01-21 10:22,지출574,," 970,026 ",임대료,지출,임대료,업체019
2020-01-22 13:47,매출입금396," 1,236,815 ",,매출,수입,매출,고객075
2020-01-22 16:25,매출입금218," 3,776,659 ",,매출,수입,매출,고객056
2020-01-23 10:28,매출입금683," 981,144 ",,매출,수입,매출,고객094
2020-01-23 13:26,지출074,," 317,699 ",운영비,지출,운영비,업체010
2020-01-24 12:08,매출입금361," 1,007,085 ",,매출,수입,매출,고객071
2020-01-24 17:52,매출입금021," 3,572,713 ",,매출,수입,매출,고객077
2020-01-25 16:29,매출입금249," 3,735,094 ",,매출,수입,매출,고객083
2020-01-26 17:18,지출336,," 1,498,106 ",임대료,지출,임대료,업체039
2020-01-26 17:55,매출입금456," 1,506,460 ",,매출,수입,매출,고객011
2020-01-27 9:23,지출535,," 428,542 ",임대료,지출,임대료,업체041
2020-01-27 13:58,지출048,," 1,948,529 ",운영비,지출,운영비,업체029
2020-01-27 15:14,매출입금685," 1,622,631 ",,매출,수입,매출,고객019
2020-01-27 16:21,매출입금779," 2,523,183 ",,매출,수입,매출,고객004
2020-01-27 18:25,매출입금247," 3,483,732 ",,매출,수입,매출,고객096
2020-01-28 11:52,지출715,," 517,229 ",임대료,지출,임대료,업체007
2020-01-28 15:57,매출입금599," 2,715,789 ",,매출,수입,매출,고객007
2020-01-28 18:51,매출입금769," 3,935,533 ",,매출,수입,매출,고객008
2020-02-01 10:28,지출575,," 183,757 ",재료비,지출,재료비,업체002
2020-02-01 14:54,지출318,," 200,776 ",재료비,지출,재료비,업체019
2020-02-01 17:55,매출입금371," 2,271,448 ",,매출,수입,매출,고객024
2020-02-02 13:20,지출220,," 1,637,584 ",임대료,지출,임대료,업체028
2020-02-02 13:48,지출317,," 1,884,241 ",기타,지출,기타,업체023
2020-02-02 14:48,지출465,," 1,711,093 ",운영비,지출,운영비,업체011
2020-02-02 17:31,매출입금527," 3,644,140 ",,매출,수입,매출,고객077
2020-02-04 10:59,지출069,," 320,752 ",인건비,지출,인건비,업체024
2020-02-04 16:33,지출242,," 1,240,670 ",재료비,지출,재료비,업체037
2020-02-04 17:51,매출입금695," 4,483,494 ",,매출,수입,매출,고객012
2020-02-05 11:42,매출입금506,"668,773",,매출,수입,매출,고객082
2020-02-05 12:53,매출입금601," 591,140 ",,매출,수입,매출,고객050
2020-02-05 13:33,매출입금998," 4,704,214 ",,매출,수입,매출,고객099
2020-02-05 15:30,지출659,," 635,318 ",기타,지출,기타,업체015
2020-02-06 14:25,지출707,," 1,659,326 ",인건비,지출,인건비,업체046
2020-02-06 14:46,매출입금902," 1,939,177 ",,매출,수입,매출,고객061
2020-02-06 16:29,지출079,," 1,866,566 ",운영비,지출,운영비,업체029
2020-02-08 11:44,지출299,," 759,193 ",인건비,지출,인건비,업체047
2020-02-09 9:11,지출691,," 1,804,743 ",임대료,지출,임대료,업체033
2020-02-09 10:15,매출입금685," 4,688,490 ",,매출,수입,매출,고객026
2020-02-09 17:08,매출입금420," 2,982,442 ",,매출,수입,매출,고객030
2020-02-09 18:45,매출입금236," 4,358,647 ",,매출,수입,매출,고객044
2020-02-10 10:30,매출입금954," 4,372,963 ",,매출,수입,매출,고객051
2020-02-12 9:02,지출876,," 1,275,763 ",운영비,지출,운영비,업체009
2020-02-12 9:48,지출563,," 703,787 ",임대료,지출,임대료,업체048
2020-02-12 13:16,지출723,," 372,168 ",재료비,지출,재료비,업체036
2020-02-12 16:40,매출입금570," 4,337,878 ",,매출,수입,매출,고객016
2020-02-13 13:59,매출입금174," 4,401,343 ",,매출,수입,매출,고객035
2020-02-13 15:45,매출입금691," 4,355,806 ",,매출,수입,매출,고객082
2020-02-13 17:03,매출입금636," 4,283,360 ",,매출,수입,매출,고객044
2020-02-14 16:19,매출입금655," 4,805,846 ",,매출,수입,매출,고객020
2020-02-15 10:46,지출136,," 1,368,043 ",기타,지출,기타,업체042
2020-02-15 18:10,지출606,," 1,071,134 ",기타,지출,기타,업체028
2020-02-15 18:56,지출188,," 1,584,162 ",기타,지출,기타,업체046
2020-02-16 13:04,매출입금439," 1,336,415 ",,매출,수입,매출,고객086
2020-02-17 12:15,매출입금543," 3,399,420 ",,매출,수입,매출,고객085
2020-02-17 16:53,매출입금653," 1,189,105 ",,매출,수입,매출,고객087
2020-02-19 12:27,지출138,," 1,663,445 ",운영비,지출,운영비,업체002
2020-02-19 12:39,매출입금041," 1,247,583 ",,매출,수입,매출,고객008
2020-02-19 17:00,매출입금670," 3,879,380 ",,매출,수입,매출,고객004
2020-02-20 11:00,매출입금154," 2,209,679 ",,매출,수입,매출,고객042
2020-02-21 15:42,지출678,," 429,002 ",인건비,지출,인건비,업체035
2020-02-21 16:51,매출입금769," 3,095,649 ",,매출,수입,매출,고객067
2020-02-22 12:47,매출입금742," 1,952,959 ",,매출,수입,매출,고객035
2020-02-22 13:15,매출입금014,"2,025,499",,매출,수입,매출,고객015
2020-02-22 15:18,매출입금907,"1,716,907",,매출,수입,매출,고객095
2020-02-23 10:36,매출입금935,"2,672,624",,매출,수입,매출,고객022
2020-02-24 12:10,매출입금726,"535,452",,매출,수입,매출,고객096
2020-02-24 17:30,지출292,,"136,945",운영비,지출,운영비,업체047
2020-02-24 18:20,매출입금103," 905,458 ",,매출,수입,매출,고객070
2020-02-25 16:33,매출입금142," 2,356,099 ",,매출,수입,매출,고객032
2020-02-26 10:30,지출276,," 1,007,485 ",인건비,지출,인건비,업체043
2020-02-26 10:41,매출입금155," 1,162,189 ",,매출,수입,매출,고객039
2020-02-26 12:53,지출309,," 257,347 ",기타,지출,기타,업체001
2020-02-26 13:03,매출입금226," 2,386,157 ",,매출,수입,매출,고객059
2020-02-26 13:10,매출입금192," 4,579,345 ",,매출,수입,매출,고객056
2020-02-26 16:53,매출입금879," 4,547,748 ",,매출,수입,매출,고객071
2020-02-27 9:39,지출956,," 1,311,706 ",인건비,지출,인건비,업체030
2020-02-27 17:49,매출입금983," 1,459,830 ",,매출,수입,매출,고객060
2020-02-28 9:27,매출입금767," 2,820,195 ",,매출,수입,매출,고객012
2020-02-28 10:04,지출968,," 355,390 ",기타,지출,기타,업체024
2020-02-28 17:35,매출입금779," 3,101,031 ",,매출,수입,매출,고객067
2020-03-01 9:11,매출입금868," 1,654,771 ",,매출,수입,매출,고객047
2020-03-01 13:44,매출입금535," 3,787,114 ",,매출,수입,매출,고객019
2020-03-01 14:28,지출811,," 370,355 ",임대료,지출,임대료,업체019
2020-03-02 17:35,매출입금173," 3,662,361 ",,매출,수입,매출,고객044
2020-03-03 17:45,지출488,," 200,910 ",기타,지출,기타,업체025
2020-03-04 10:58,매출입금740," 4,230,782 ",,매출,수입,매출,고객062
2020-03-04 12:35,지출700,," 1,876,366 ",운영비,지출,운영비,업체005
2020-03-04 15:57,매출입금054," 3,073,622 ",,매출,수입,매출,고객093
2020-03-04 17:40,매출입금289," 3,738,241 ",,매출,수입,매출,고객016
2020-03-04 18:00,매출입금765," 3,294,631 ",,매출,수입,매출,고객057
2020-03-04 18:58,매출입금108," 4,805,369 ",,매출,수입,매출,고객025
2020-03-05 14:41,매출입금537," 4,257,342 ",,매출,수입,매출,고객042
2020-03-07 11:08,매출입금012," 4,158,483 ",,매출,수입,매출,고객081
2020-03-07 11:34,매출입금123," 4,176,310 ",,매출,수입,매출,고객082
2020-03-07 16:26,매출입금958," 3,565,435 ",,매출,수입,매출,고객066
2020-03-07 17:31,지출307,," 143,605 ",재료비,지출,재료비,업체018
2020-03-08 15:10,매출입금137," 2,677,848 ",,매출,수입,매출,고객003
2020-03-09 10:51,매출입금568," 4,856,155 ",,매출,수입,매출,고객008
2020-03-09 11:15,지출066,," 967,894 ",재료비,지출,재료비,업체030
2020-03-10 13:51,매출입금669," 1,492,808 ",,매출,수입,매출,고객100
2020-03-11 12:16,매출입금127," 2,617,160 ",,매출,수입,매출,고객085
2020-03-11 18:13,지출823,," 800,552 ",기타,지출,기타,업체036
2020-03-12 9:12,매출입금102," 2,682,472 ",,매출,수입,매출,고객066
2020-03-12 12:03,지출529,," 271,611 ",재료비,지출,재료비,업체003
2020-03-12 12:31,매출입금957," 3,335,421 ",,매출,수입,매출,고객035
2020-03-13 14:01,지출176,," 1,182,836 ",재료비,지출,재료비,업체042
2020-03-13 17:09,매출입금202," 1,955,258 ",,매출,수입,매출,고객011
2020-03-13 17:50,매출입금709," 2,804,110 ",,매출,수입,매출,고객024
2020-03-14 10:46,지출511,," 1,267,649 ",임대료,지출,임대료,업체038
2020-03-14 13:10,매출입금105," 2,797,086 ",,매출,수입,매출,고객071
2020-03-14 16:28,지출686,," 1,325,051 ",인건비,지출,인건비,업체021
2020-03-14 17:45,매출입금253," 4,485,449 ",,매출,수입,매출,고객073
2020-03-15 12:35,지출173,," 1,300,218 ",운영비,지출,운영비,업체047
2020-03-15 13:38,매출입금869," 3,673,197 ",,매출,수입,매출,고객075
2020-03-16 9:33,지출714,," 830,382 ",임대료,지출,임대료,업체011
2020-03-16 11:15,지출224,," 1,865,616 ",인건비,지출,인건비,업체008
2020-03-16 17:02,매출입금662," 4,004,541 ",,매출,수입,매출,고객008
2020-03-18 17:30,지출083,," 596,534 ",운영비,지출,운영비,업체017
2020-03-19 9:14,매출입금210," 3,381,393 ",,매출,수입,매출,고객098
2020-03-19 9:47,매출입금757," 1,722,230 ",,매출,수입,매출,고객001
2020-03-19 11:35,매출입금509," 4,703,080 ",,매출,수입,매출,고객014
2020-03-19 12:49,지출861,," 538,484 ",인건비,지출,인건비,업체027
2020-03-20 12:45,매출입금274," 941,154 ",,매출,수입,매출,고객070
2020-03-20 14:30,매출입금454," 1,101,511 ",,매출,수입,매출,고객001
2020-03-21 14:24,매출입금718," 3,589,619 ",,매출,수입,매출,고객061
2020-03-21 17:14,매출입금240," 4,446,157 ",,매출,수입,매출,고객067
2020-03-22 11:55,매출입금635," 3,985,285 ",,매출,수입,매출,고객026
2020-03-22 16:09,매출입금172," 4,300,110 ",,매출,수입,매출,고객061
2020-03-22 18:35,매출입금048," 516,283 ",,매출,수입,매출,고객001
2020-03-23 10:20,매출입금041," 3,255,510 ",,매출,수입,매출,고객007
2020-03-23 11:10,매출입금513," 1,787,979 ",,매출,수입,매출,고객012
2020-03-23 11:41,매출입금992," 4,784,218 ",,매출,수입,매출,고객011
2020-03-23 17:52,지출625,," 873,958 ",임대료,지출,임대료,업체037
2020-03-24 13:48,지출506,," 1,176,812 ",운영비,지출,운영비,업체032
2020-03-24 18:21,지출488,," 1,789,805 ",운영비,지출,운영비,업체048
2020-03-24 18:44,매출입금750," 3,379,122 ",,매출,수입,매출,고객053
2020-03-26 14:49,매출입금888," 2,560,851 ",,매출,수입,매출,고객046
2020-03-26 17:29,매출입금681," 4,733,670 ",,매출,수입,매출,고객067
2020-03-26 18:03,매출입금371," 2,656,981 ",,매출,수입,매출,고객072
2020-03-27 12:14,매출입금221," 2,186,108 ",,매출,수입,매출,고객060
2020-03-27 17:48,매출입금196," 3,483,706 ",,매출,수입,매출,고객048
2020-03-28 10:56,지출541,," 341,727 ",재료비,지출,재료비,업체046
2020-04-01 9:08,매출입금057," 3,230,567 ",,매출,수입,매출,고객058
2020-04-02 10:09,매출입금236," 3,530,649 ",,매출,수입,매출,고객032
2020-04-02 13:50,지출303,," 517,547 ",재료비,지출,재료비,업체042
2020-04-02 15:25,지출564,," 1,075,732 ",인건비,지출,인건비,업체007
2020-04-02 16:39,매출입금389," 3,019,747 ",,매출,수입,매출,고객037
2020-04-02 18:38,매출입금438," 3,257,217 ",,매출,수입,매출,고객090
2020-04-03 9:11,지출548,," 510,586 ",인건비,지출,인건비,업체033
2020-04-03 11:33,매출입금120," 4,149,113 ",,매출,수입,매출,고객025
2020-04-04 16:20,매출입금785," 1,717,384 ",,매출,수입,매출,고객038
2020-04-04 18:38,매출입금642," 3,917,433 ",,매출,수입,매출,고객100
2020-04-05 9:15,매출입금174," 4,339,888 ",,매출,수입,매출,고객005
2020-04-05 12:41,지출275,," 1,547,921 ",기타,지출,기타,업체001
2020-04-06 9:37,지출779,," 961,764 ",재료비,지출,재료비,업체012
2020-04-06 17:41,매출입금395," 3,775,204 ",,매출,수입,매출,고객033
2020-04-07 11:10,매출입금718," 2,225,125 ",,매출,수입,매출,고객005
2020-04-07 12:28,지출733,," 1,601,755 ",운영비,지출,운영비,업체031
2020-04-10 13:43,매출입금654," 4,140,257 ",,매출,수입,매출,고객061
2020-04-11 15:45,매출입금635," 1,758,357 ",,매출,수입,매출,고객037
2020-04-12 16:20,매출입금440," 2,880,021 ",,매출,수입,매출,고객093
2020-04-13 12:11,매출입금405," 1,619,184 ",,매출,수입,매출,고객079
2020-04-13 16:05,매출입금181," 3,769,935 ",,매출,수입,매출,고객013
2020-04-15 16:15,매출입금744," 3,353,158 ",,매출,수입,매출,고객047
2020-04-16 9:16,지출224,," 325,751 ",인건비,지출,인건비,업체032
2020-04-16 10:20,지출819,," 654,638 ",임대료,지출,임대료,업체020
2020-04-16 12:28,지출246,," 414,909 ",운영비,지출,운영비,업체016
2020-04-16 13:52,지출558,," 962,241 ",운영비,지출,운영비,업체006
2020-04-16 15:39,지출369,," 1,414,416 ",운영비,지출,운영비,업체039
2020-04-16 16:07,매출입금543," 4,850,274 ",,매출,수입,매출,고객096
2020-04-16 16:10,매출입금426," 2,200,130 ",,매출,수입,매출,고객061
2020-04-17 13:35,매출입금608," 2,571,499 ",,매출,수입,매출,고객028
2020-04-18 17:20,매출입금872," 4,635,987 ",,매출,수입,매출,고객079
2020-04-20 13:06,매출입금778," 1,953,594 ",,매출,수입,매출,고객098
2020-04-20 16:41,지출128,," 1,054,681 ",임대료,지출,임대료,업체023
2020-04-20 17:08,매출입금458," 4,453,557 ",,매출,수입,매출,고객040
2020-04-20 18:41,매출입금014," 3,322,826 ",,매출,수입,매출,고객092
2020-04-21 9:41,매출입금452," 3,727,177 ",,매출,수입,매출,고객028
2020-04-21 10:39,지출751,," 314,219 ",재료비,지출,재료비,업체018
2020-04-21 10:57,매출입금939," 2,145,874 ",,매출,수입,매출,고객093
2020-04-22 9:04,지출757,," 1,484,162 ",운영비,지출,운영비,업체030
2020-04-22 10:12,지출321,," 1,009,989 ",인건비,지출,인건비,업체006
2020-04-22 14:39,매출입금918," 2,000,048 ",,매출,수입,매출,고객078
2020-04-23 11:30,지출549,," 1,934,248 ",기타,지출,기타,업체037
2020-04-23 12:24,매출입금920," 3,438,136 ",,매출,수입,매출,고객094
2020-04-23 18:09,지출672,," 812,860 ",인건비,지출,인건비,업체032
2020-04-23 18:57,지출385,," 1,229,223 ",임대료,지출,임대료,업체026
2020-04-25 9:25,지출690,," 1,552,326 ",운영비,지출,운영비,업체029
2020-04-26 10:51,지출221,," 964,367 ",재료비,지출,재료비,업체019
2020-04-26 18:06,매출입금681," 1,626,824 ",,매출,수입,매출,고객073
2020-04-27 9:13,지출334,," 1,618,800 ",운영비,지출,운영비,업체032
2020-04-28 13:09,매출입금754," 3,468,595 ",,매출,수입,매출,고객071
2020-05-01 9:32,매출입금285," 4,122,271 ",,매출,수입,매출,고객063
2020-05-01 10:55,매출입금118," 597,552 ",,매출,수입,매출,고객039
2020-05-01 10:57,지출067,," 123,027 ",임대료,지출,임대료,업체010
2020-05-01 11:43,매출입금272," 2,893,199 ",,매출,수입,매출,고객043
2020-05-01 15:03,매출입금281," 3,099,640 ",,매출,수입,매출,고객067
2020-05-01 16:50,매출입금645," 4,962,953 ",,매출,수입,매출,고객018
2020-05-02 9:59,매출입금147," 2,584,880 ",,매출,수입,매출,고객079
2020-05-02 13:29,매출입금832," 2,296,451 ",,매출,수입,매출,고객015
2020-05-02 15:16,지출744,," 1,566,270 ",인건비,지출,인건비,업체022
2020-05-03 10:20,지출268,," 530,030 ",임대료,지출,임대료,업체006
2020-05-04 9:01,매출입금528," 2,006,894 ",,매출,수입,매출,고객028
2020-05-04 17:55,매출입금965," 1,276,870 ",,매출,수입,매출,고객094
2020-05-05 11:47,매출입금679," 4,576,319 ",,매출,수입,매출,고객051
2020-05-05 13:28,지출035,," 1,410,817 ",기타,지출,기타,업체001
2020-05-06 10:54,매출입금576," 2,569,730 ",,매출,수입,매출,고객030
2020-05-06 12:09,매출입금970," 2,488,244 ",,매출,수입,매출,고객047
2020-05-06 13:34,매출입금578," 4,123,556 ",,매출,수입,매출,고객028
2020-05-06 13:45,매출입금100," 1,432,742 ",,매출,수입,매출,고객100
2020-05-06 14:12,매출입금621," 3,660,740 ",,매출,수입,매출,고객062
2020-05-06 14:44,매출입금943," 4,005,595 ",,매출,수입,매출,고객009
2020-05-07 11:19,매출입금307," 1,283,563 ",,매출,수입,매출,고객076
2020-05-07 13:07,매출입금864," 4,699,328 ",,매출,수입,매출,고객018
2020-05-07 18:57,매출입금907," 4,165,457 ",,매출,수입,매출,고객026
2020-05-08 11:45,지출635,," 1,107,034 ",재료비,지출,재료비,업체043
2020-05-08 12:08,매출입금058," 3,166,414 ",,매출,수입,매출,고객092
2020-05-09 10:29,매출입금476," 2,326,933 ",,매출,수입,매출,고객001
2020-05-09 10:31,지출428,," 1,042,753 ",재료비,지출,재료비,업체043
2020-05-09 11:45,지출633,," 916,138 ",기타,지출,기타,업체040
2020-05-09 16:17,매출입금883," 3,828,218 ",,매출,수입,매출,고객050
2020-05-10 10:09,매출입금587," 1,297,499 ",,매출,수입,매출,고객009
2020-05-11 9:17,지출137,," 522,097 ",인건비,지출,인건비,업체017
2020-05-11 11:06,지출667,," 1,089,918 ",인건비,지출,인건비,업체035
2020-05-11 12:43,지출212,," 1,705,665 ",기타,지출,기타,업체013
2020-05-11 13:14,매출입금944," 1,631,304 ",,매출,수입,매출,고객065
2020-05-11 17:56,매출입금697," 828,119 ",,매출,수입,매출,고객100
2020-05-11 18:44,매출입금696," 4,438,555 ",,매출,수입,매출,고객070
2020-05-14 10:22,매출입금304," 1,829,458 ",,매출,수입,매출,고객080
2020-05-14 13:08,지출637,," 1,865,374 ",임대료,지출,임대료,업체043
2020-05-16 9:24,매출입금939," 2,997,087 ",,매출,수입,매출,고객080
2020-05-16 11:17,매출입금930," 851,560 ",,매출,수입,매출,고객001
2020-05-16 15:25,매출입금283," 3,037,323 ",,매출,수입,매출,고객067
2020-05-17 13:26,매출입금860," 3,369,333 ",,매출,수입,매출,고객032
2020-05-17 17:01,매출입금127," 4,367,092 ",,매출,수입,매출,고객005
2020-05-17 17:33,매출입금589," 2,667,169 ",,매출,수입,매출,고객003
2020-05-18 9:18,매출입금887," 1,890,482 ",,매출,수입,매출,고객095
2020-05-20 9:56,매출입금067," 3,731,367 ",,매출,수입,매출,고객005
2020-05-20 14:49,매출입금608," 3,871,854 ",,매출,수입,매출,고객039
2020-05-21 10:03,지출333,," 1,063,114 ",임대료,지출,임대료,업체012
2020-05-21 10:52,매출입금519," 2,087,369 ",,매출,수입,매출,고객015
2020-05-22 15:53,지출046,," 127,288 ",기타,지출,기타,업체027
2020-05-23 14:34,매출입금182," 2,267,663 ",,매출,수입,매출,고객040
2020-05-24 16:00,매출입금077," 1,148,438 ",,매출,수입,매출,고객043
2020-05-24 16:21,매출입금661," 601,030 ",,매출,수입,매출,고객040
2020-05-26 14:11,지출786,," 1,054,531 ",재료비,지출,재료비,업체021
2020-05-26 17:48,지출945,," 290,181 ",인건비,지출,인건비,업체004
2020-05-26 18:58,지출768,," 589,013 ",운영비,지출,운영비,업체050
2020-05-27 13:15,지출878,," 1,845,098 ",임대료,지출,임대료,업체017
2020-05-27 13:21,매출입금362," 4,157,956 ",,매출,수입,매출,고객094
2020-05-27 13:49,매출입금567," 4,915,060 ",,매출,수입,매출,고객033
2020-05-27 14:12,매출입금450," 1,703,714 ",,매출,수입,매출,고객091
2020-05-27 16:02,매출입금493," 3,104,727 ",,매출,수입,매출,고객024
2020-05-27 18:02,매출입금938," 3,827,621 ",,매출,수입,매출,고객009
2020-05-28 12:33,매출입금488," 1,691,384 ",,매출,수입,매출,고객034
2020-05-28 12:58,매출입금281," 3,780,739 ",,매출,수입,매출,고객002
2020-05-28 12:58,지출541,," 194,859 ",기타,지출,기타,업체007
2020-06-01 14:51,지출295,," 975,742 ",운영비,지출,운영비,업체024
2020-06-02 9:00,지출948,," 1,697,224 ",기타,지출,기타,업체049
2020-06-02 12:35,매출입금440," 932,895 ",,매출,수입,매출,고객081
2020-06-02 18:35,매출입금334," 3,693,867 ",,매출,수입,매출,고객053
2020-06-03 12:05,매출입금538," 1,528,090 ",,매출,수입,매출,고객084
2020-06-03 17:00,지출648,," 1,125,213 ",기타,지출,기타,업체007
2020-06-03 18:55,매출입금435," 3,295,014 ",,매출,수입,매출,고객040
2020-06-04 11:45,지출972,," 402,249 ",운영비,지출,운영비,업체046
2020-06-04 15:46,지출541,," 1,034,736 ",운영비,지출,운영비,업체004
2020-06-04 16:39,매출입금873," 1,431,241 ",,매출,수입,매출,고객079
2020-06-05 14:07,매출입금823," 1,205,257 ",,매출,수입,매출,고객025
2020-06-06 13:50,지출580,," 1,943,307 ",임대료,지출,임대료,업체015
2020-06-07 11:33,매출입금043," 1,922,148 ",,매출,수입,매출,고객004
2020-06-07 13:52,지출608,," 1,087,671 ",인건비,지출,인건비,업체031
2020-06-07 14:58,매출입금423," 3,408,897 ",,매출,수입,매출,고객092
2020-06-09 11:51,매출입금938," 1,045,712 ",,매출,수입,매출,고객004
2020-06-09 15:30,지출681,," 538,672 ",운영비,지출,운영비,업체035
2020-06-11 11:12,매출입금859," 4,763,378 ",,매출,수입,매출,고객024
2020-06-11 13:15,매출입금747," 3,585,634 ",,매출,수입,매출,고객091
2020-06-12 15:25,지출646,," 813,646 ",인건비,지출,인건비,업체043
2020-06-12 15:49,지출479,," 290,718 ",운영비,지출,운영비,업체028
2020-06-13 16:18,지출479,," 1,221,144 ",임대료,지출,임대료,업체004
2020-06-13 16:23,매출입금633," 682,497 ",,매출,수입,매출,고객009
2020-06-13 18:46,지출301,," 1,836,214 ",운영비,지출,운영비,업체016
2020-06-14 12:41,매출입금997," 4,275,494 ",,매출,수입,매출,고객063
2020-06-15 16:51,지출293,," 1,778,635 ",임대료,지출,임대료,업체028
2020-06-18 13:29,매출입금440," 1,179,694 ",,매출,수입,매출,고객039
2020-06-19 9:36,지출321,," 247,416 ",운영비,지출,운영비,업체012
2020-06-19 12:38,지출413,," 803,939 ",인건비,지출,인건비,업체039
2020-06-19 18:16,지출066,," 1,171,544 ",기타,지출,기타,업체027
2020-06-21 17:18,지출944,," 844,701 ",재료비,지출,재료비,업체026
2020-06-22 14:42,매출입금849," 4,214,324 ",,매출,수입,매출,고객036
2020-06-23 15:24,매출입금053," 662,431 ",,매출,수입,매출,고객023
2020-06-24 10:10,매출입금893," 4,131,111 ",,매출,수입,매출,고객022
2020-06-25 13:19,매출입금210," 3,952,027 ",,매출,수입,매출,고객019
2020-06-26 9:34,매출입금081," 2,257,711 ",,매출,수입,매출,고객014
2020-06-26 10:57,매출입금389," 4,789,073 ",,매출,수입,매출,고객034
2020-06-26 16:40,매출입금815," 1,697,821 ",,매출,수입,매출,고객049
2020-06-27 11:35,매출입금303," 2,139,335 ",,매출,수입,매출,고객094
2020-06-27 14:04,매출입금025," 4,836,503 ",,매출,수입,매출,고객008
2020-06-27 15:52,매출입금170," 2,673,276 ",,매출,수입,매출,고객057
2020-07-01 9:14,지출686,," 487,070 ",운영비,지출,운영비,업체004
2020-07-01 12:52,매출입금217," 4,928,771 ",,매출,수입,매출,고객041
2020-07-03 9:30,지출831,," 345,774 ",인건비,지출,인건비,업체007
2020-07-03 13:23,매출입금308," 3,067,224 ",,매출,수입,매출,고객049
2020-07-04 12:08,지출226,," 911,583 ",재료비,지출,재료비,업체018
2020-07-05 9:03,매출입금569," 907,675 ",,매출,수입,매출,고객055
2020-07-05 15:46,매출입금616," 1,734,090 ",,매출,수입,매출,고객100
2020-07-06 9:26,지출674,," 1,974,868 ",운영비,지출,운영비,업체027
2020-07-06 14:21,지출962,," 1,135,945 ",임대료,지출,임대료,업체029
2020-07-06 16:13,매출입금727," 4,380,365 ",,매출,수입,매출,고객065
2020-07-06 16:28,지출202,," 1,726,945 ",재료비,지출,재료비,업체041
2020-07-07 12:46,지출996,," 1,296,266 ",재료비,지출,재료비,업체017
2020-07-07 13:55,지출165,," 1,009,154 ",기타,지출,기타,업체028
2020-07-07 16:51,지출503,," 1,832,734 ",임대료,지출,임대료,업체030
2020-07-07 16:56,매출입금450," 1,213,565 ",,매출,수입,매출,고객019
2020-07-08 9:02,지출033,," 1,643,615 ",운영비,지출,운영비,업체050
2020-07-08 14:14,매출입금507," 3,108,120 ",,매출,수입,매출,고객060
2020-07-08 15:12,매출입금599," 4,551,686 ",,매출,수입,매출,고객099
2020-07-09 11:58,매출입금589," 1,761,913 ",,매출,수입,매출,고객100
2020-07-10 9:46,지출966,," 1,137,667 ",기타,지출,기타,업체020
2020-07-11 11:22,매출입금223," 1,314,475 ",,매출,수입,매출,고객061
2020-07-11 13:22,지출340,," 1,818,405 ",인건비,지출,인건비,업체044
2020-07-11 16:39,지출122,," 1,931,489 ",인건비,지출,인건비,업체004
2020-07-11 17:27,지출024,," 102,178 ",운영비,지출,운영비,업체008
2020-07-12 11:14,매출입금647," 3,342,309 ",,매출,수입,매출,고객014
2020-07-12 12:17,지출535,," 501,656 ",재료비,지출,재료비,업체013
2020-07-12 13:39,지출421,," 876,898 ",기타,지출,기타,업체027
2020-07-13 9:38,지출369,," 1,467,424 ",임대료,지출,임대료,업체043
2020-07-13 16:33,매출입금747," 1,788,668 ",,매출,수입,매출,고객048
2020-07-14 13:27,지출635,," 1,891,076 ",운영비,지출,운영비,업체015
2020-07-14 13:36,매출입금735," 2,717,209 ",,매출,수입,매출,고객010
2020-07-14 15:02,매출입금063," 1,460,291 ",,매출,수입,매출,고객094
2020-07-16 14:19,지출869,," 1,739,889 ",인건비,지출,인건비,업체024
2020-07-16 15:39,매출입금752," 527,218 ",,매출,수입,매출,고객034
2020-07-17 14:17,매출입금773," 2,350,883 ",,매출,수입,매출,고객020
2020-07-19 12:22,매출입금349," 4,687,383 ",,매출,수입,매출,고객012
2020-07-19 13:57,지출359,," 892,641 ",기타,지출,기타,업체043
2020-07-19 15:21,매출입금898," 975,019 ",,매출,수입,매출,고객078
2020-07-20 10:58,지출681,," 1,632,225 ",인건비,지출,인건비,업체023
2020-07-20 15:01,매출입금193," 3,717,118 ",,매출,수입,매출,고객017
2020-07-21 10:55,지출736,," 1,759,514 ",임대료,지출,임대료,업체039
2020-07-21 13:38,매출입금932," 1,769,015 ",,매출,수입,매출,고객079
2020-07-21 17:46,매출입금361," 4,277,181 ",,매출,수입,매출,고객008
2020-07-22 15:47,매출입금968," 1,923,124 ",,매출,수입,매출,고객090
2020-07-23 12:13,매출입금636," 767,743 ",,매출,수입,매출,고객002
2020-07-23 12:37,지출563,," 1,281,868 ",재료비,지출,재료비,업체048
2020-07-23 17:06,매출입금188," 822,294 ",,매출,수입,매출,고객081
2020-07-24 11:10,지출724,," 672,379 ",재료비,지출,재료비,업체019
2020-07-24 11:25,매출입금101," 2,852,641 ",,매출,수입,매출,고객018
2020-07-24 11:26,지출171,," 1,311,315 ",기타,지출,기타,업체028
2020-07-24 11:47,매출입금915," 4,933,580 ",,매출,수입,매출,고객099
2020-07-24 11:51,매출입금391," 916,959 ",,매출,수입,매출,고객039
2020-07-25 11:28,매출입금041," 2,448,029 ",,매출,수입,매출,고객016
2020-07-25 14:49,매출입금122," 609,824 ",,매출,수입,매출,고객045
2020-07-25 16:47,지출221,," 1,977,227 ",임대료,지출,임대료,업체017
2020-07-28 10:40,지출448,," 296,167 ",재료비,지출,재료비,업체023
2020-07-28 12:07,지출681,," 203,383 ",임대료,지출,임대료,업체041
2020-07-28 15:07,매출입금056," 1,077,836 ",,매출,수입,매출,고객046
2020-07-28 16:30,지출425,," 1,004,393 ",재료비,지출,재료비,업체034
2020-07-28 16:57,매출입금762," 4,401,052 ",,매출,수입,매출,고객005
2020-08-01 16:09,매출입금010," 1,806,086 ",,매출,수입,매출,고객077
2020-08-02 12:03,매출입금631," 975,409 ",,매출,수입,매출,고객096
2020-08-02 13:01,매출입금843," 3,279,170 ",,매출,수입,매출,고객097
2020-08-02 14:36,지출964,," 946,624 ",재료비,지출,재료비,업체043
2020-08-02 16:00,매출입금182," 2,696,355 ",,매출,수입,매출,고객010
2020-08-03 10:19,지출449,," 634,696 ",인건비,지출,인건비,업체026
2020-08-03 11:31,매출입금945," 3,439,476 ",,매출,수입,매출,고객067
2020-08-03 11:58,매출입금063," 2,364,046 ",,매출,수입,매출,고객079
2020-08-03 17:35,지출552,," 288,052 ",임대료,지출,임대료,업체030
2020-08-04 11:01,매출입금967," 1,550,609 ",,매출,수입,매출,고객049
2020-08-04 14:46,지출190,," 1,566,605 ",인건비,지출,인건비,업체006
2020-08-04 16:17,매출입금726," 3,931,277 ",,매출,수입,매출,고객088
2020-08-04 18:35,지출001,," 619,428 ",임대료,지출,임대료,업체021
2020-08-07 9:39,지출419,," 760,292 ",기타,지출,기타,업체008
2020-08-07 10:32,지출949,," 194,307 ",기타,지출,기타,업체022
2020-08-07 12:56,매출입금640," 3,526,906 ",,매출,수입,매출,고객075
2020-08-07 16:45,매출입금691," 3,071,943 ",,매출,수입,매출,고객059
2020-08-08 17:11,매출입금279," 3,639,462 ",,매출,수입,매출,고객097
2020-08-08 17:40,매출입금513," 2,529,260 ",,매출,수입,매출,고객019
2020-08-09 9:53,매출입금187," 1,450,164 ",,매출,수입,매출,고객016
2020-08-09 11:00,매출입금555," 3,040,279 ",,매출,수입,매출,고객078
2020-08-10 12:05,지출508,," 1,136,068 ",기타,지출,기타,업체033
2020-08-10 12:23,매출입금175," 3,741,482 ",,매출,수입,매출,고객070
2020-08-10 14:22,지출477,," 1,111,893 ",기타,지출,기타,업체046
2020-08-11 17:06,매출입금356," 574,983 ",,매출,수입,매출,고객052
2020-08-12 13:03,매출입금548," 2,557,103 ",,매출,수입,매출,고객061
2020-08-12 16:46,매출입금364," 2,239,262 ",,매출,수입,매출,고객094
2020-08-12 17:44,매출입금197," 4,710,919 ",,매출,수입,매출,고객024
2020-08-12 18:22,지출070,," 168,429 ",인건비,지출,인건비,업체043
2020-08-13 16:09,매출입금508," 4,677,525 ",,매출,수입,매출,고객081
2020-08-14 9:10,지출179,," 1,010,309 ",재료비,지출,재료비,업체042
2020-08-14 12:16,매출입금020," 551,926 ",,매출,수입,매출,고객044
2020-08-14 15:05,매출입금354," 4,134,685 ",,매출,수입,매출,고객040
2020-08-15 9:28,매출입금100," 2,660,339 ",,매출,수입,매출,고객039
2020-08-16 10:00,지출799,," 1,741,362 ",임대료,지출,임대료,업체011
2020-08-17 10:44,매출입금742," 3,913,082 ",,매출,수입,매출,고객053
2020-08-17 12:50,매출입금688," 4,053,596 ",,매출,수입,매출,고객043
2020-08-18 15:09,지출230,," 1,176,289 ",임대료,지출,임대료,업체043
2020-08-19 15:22,매출입금547," 2,652,088 ",,매출,수입,매출,고객034
2020-08-20 9:03,매출입금289," 4,634,126 ",,매출,수입,매출,고객072
2020-08-20 11:45,지출528,," 1,143,886 ",인건비,지출,인건비,업체040
2020-08-20 13:54,지출096,," 956,561 ",재료비,지출,재료비,업체020
2020-08-20 16:11,매출입금636," 772,010 ",,매출,수입,매출,고객080
2020-08-21 11:59,매출입금820," 4,276,016 ",,매출,수입,매출,고객078
2020-08-22 13:20,매출입금408," 2,182,531 ",,매출,수입,매출,고객088
2020-08-22 15:02,지출225,," 730,734 ",임대료,지출,임대료,업체035
2020-08-22 18:50,매출입금328," 3,529,910 ",,매출,수입,매출,고객035
2020-08-22 18:55,매출입금879," 1,428,365 ",,매출,수입,매출,고객072
2020-08-23 9:15,지출377,," 492,102 ",운영비,지출,운영비,업체008
2020-08-23 17:39,지출097,," 1,914,512 ",인건비,지출,인건비,업체034
2020-08-24 15:08,지출889,," 1,066,850 ",기타,지출,기타,업체034
2020-08-25 11:15,매출입금365," 2,426,491 ",,매출,수입,매출,고객069
2020-08-25 12:09,지출969,," 719,296 ",재료비,지출,재료비,업체006
2020-08-25 16:34,매출입금092," 2,274,047 ",,매출,수입,매출,고객034
2020-08-26 17:43,지출919,," 572,297 ",임대료,지출,임대료,업체020
2020-08-26 18:45,매출입금513," 2,417,928 ",,매출,수입,매출,고객072
2020-08-27 10:53,매출입금920," 1,028,603 ",,매출,수입,매출,고객004
2020-08-27 18:28,매출입금870," 1,290,317 ",,매출,수입,매출,고객071
2020-08-28 9:59,지출992,," 1,387,163 ",운영비,지출,운영비,업체025
2020-08-28 10:44,지출001,," 201,099 ",임대료,지출,임대료,업체041
2020-09-01 11:10,매출입금625," 1,544,009 ",,매출,수입,매출,고객002
2020-09-02 9:32,매출입금302," 1,350,460 ",,매출,수입,매출,고객031
2020-09-02 11:23,지출336,," 871,007 ",재료비,지출,재료비,업체004
2020-09-04 9:28,매출입금782," 4,070,286 ",,매출,수입,매출,고객055
2020-09-04 9:51,매출입금988," 1,856,895 ",,매출,수입,매출,고객042
2020-09-04 9:51,지출790,," 1,343,625 ",재료비,지출,재료비,업체039
2020-09-04 10:51,매출입금235," 713,887 ",,매출,수입,매출,고객058
2020-09-05 9:09,매출입금876," 2,901,387 ",,매출,수입,매출,고객018
2020-09-05 12:40,매출입금359," 3,862,413 ",,매출,수입,매출,고객005
2020-09-06 18:05,매출입금845," 3,786,713 ",,매출,수입,매출,고객043
2020-09-07 10:51,매출입금242," 684,704 ",,매출,수입,매출,고객039
2020-09-09 10:02,매출입금515," 2,666,428 ",,매출,수입,매출,고객046
2020-09-09 15:40,매출입금882," 2,277,448 ",,매출,수입,매출,고객014
2020-09-09 17:07,매출입금830," 3,398,360 ",,매출,수입,매출,고객006
2020-09-10 10:54,매출입금084," 793,077 ",,매출,수입,매출,고객077
2020-09-11 10:44,매출입금613," 4,242,629 ",,매출,수입,매출,고객061
2020-09-12 11:29,지출764,," 300,617 ",재료비,지출,재료비,업체013
2020-09-12 14:03,매출입금316," 3,853,248 ",,매출,수입,매출,고객005
2020-09-12 14:34,지출893,," 1,553,982 ",재료비,지출,재료비,업체017
2020-09-12 16:05,매출입금491," 4,378,791 ",,매출,수입,매출,고객097
2020-09-12 16:29,매출입금593," 2,828,116 ",,매출,수입,매출,고객019
2020-09-12 16:59,지출403,," 1,322,701 ",운영비,지출,운영비,업체043
2020-09-12 18:29,지출858,," 337,545 ",임대료,지출,임대료,업체030
2020-09-13 12:22,매출입금856," 3,548,596 ",,매출,수입,매출,고객055
2020-09-13 14:03,매출입금694," 662,886 ",,매출,수입,매출,고객014
2020-09-13 16:05,지출172,," 206,347 ",재료비,지출,재료비,업체043
2020-09-13 16:34,지출484,,"287,340",인건비,지출,인건비,업체042
2020-09-13 18:49,매출입금600,"1,907,466",,매출,수입,매출,고객063
2020-09-14 16:29,매출입금576,"3,740,309",,매출,수입,매출,고객099
2020-09-15 9:29,매출입금361,"4,612,603",,매출,수입,매출,고객014
2020-09-15 11:32,지출866,,"1,855,195",재료비,지출,재료비,업체012
2020-09-15 13:55,지출414,,"583,021",임대료,지출,임대료,업체005
2020-09-15 15:50,매출입금536,"2,845,287",,매출,수입,매출,고객074
2020-09-16 11:09,매출입금072,"1,592,306",,매출,수입,매출,고객055
2020-09-16 11:14,매출입금558,"632,831",,매출,수입,매출,고객057
2020-09-16 12:06,지출467,,"339,239",재료비,지출,재료비,업체003
2020-09-16 14:55,매출입금634,"3,495,483",,매출,수입,매출,고객004
2020-09-16 16:29,매출입금576,"3,465,770",,매출,수입,매출,고객078
2020-09-17 15:21,지출570,,"461,886",재료비,지출,재료비,업체019
2020-09-17 16:53,매출입금712,"2,406,787",,매출,수입,매출,고객048
2020-09-18 17:52,매출입금326,"1,606,452",,매출,수입,매출,고객006
2020-09-19 12:17,매출입금148,"3,209,844",,매출,수입,매출,고객095
2020-09-19 16:35,매출입금173,"4,942,852",,매출,수입,매출,고객094
2020-09-20 14:51,지출768,,"1,616,534",운영비,지출,운영비,업체008
2020-09-21 12:39,매출입금276,"1,878,495",,매출,수입,매출,고객057
2020-09-23 9:50,매출입금969,"3,475,997",,매출,수입,매출,고객010
2020-09-23 15:46,매출입금338,"4,739,039",,매출,수입,매출,고객089
2020-09-24 17:17,지출597,,"813,314",인건비,지출,인건비,업체045
2020-09-25 11:17,지출680,,"1,032,270",인건비,지출,인건비,업체011
2020-09-25 18:34,지출939,,"630,864",임대료,지출,임대료,업체004
2020-09-26 16:36,지출957,,"760,068",인건비,지출,인건비,업체024
2020-09-27 14:43,지출390,,"1,759,290",인건비,지출,인건비,업체015
2020-09-27 17:06,매출입금971,"1,674,207",,매출,수입,매출,고객058
2020-09-27 18:19,지출434,,"1,489,554",재료비,지출,재료비,업체005
2020-09-28 11:40,매출입금737,"3,799,708",,매출,수입,매출,고객034
2020-09-28 13:57,지출675,,"1,776,026",기타,지출,기타,업체046
2020-09-28 15:31,매출입금013,"3,855,267",,매출,수입,매출,고객011
2020-09-28 18:19,지출876,,"1,128,143",재료비,지출,재료비,업체046
2020-10-01 10:07,지출763,,"492,187",인건비,지출,인건비,업체030
2020-10-03 9:28,매출입금798,"4,063,510",,매출,수입,매출,고객088
2020-10-03 15:29,지출578,,"1,649,082",임대료,지출,임대료,업체015
2020-10-04 9:14,매출입금657,"1,474,492",,매출,수입,매출,고객065
2020-10-04 15:23,매출입금287,"1,776,861",,매출,수입,매출,고객022
2020-10-05 13:32,지출176,,"1,517,431",임대료,지출,임대료,업체008
2020-10-06 12:52,매출입금178,"1,934,487",,매출,수입,매출,고객098
2020-10-07 18:15,매출입금909,"4,795,919",,매출,수입,매출,고객056
2020-10-07 18:16,지출478,,"1,698,295",인건비,지출,인건비,업체015
2020-10-08 9:21,매출입금994,"1,652,210",,매출,수입,매출,고객076
2020-10-08 10:31,지출163,,"305,204",인건비,지출,인건비,업체019
2020-10-08 15:16,지출253,,"193,709",임대료,지출,임대료,업체022
2020-10-09 9:36,매출입금568,"4,523,262",,매출,수입,매출,고객070
2020-10-09 10:56,지출116,,"507,150",기타,지출,기타,업체046
2020-10-09 12:44,매출입금463,"665,121",,매출,수입,매출,고객078
2020-10-09 14:09,매출입금018,"4,661,530",,매출,수입,매출,고객015
2020-10-10 11:25,매출입금212,"3,327,254",,매출,수입,매출,고객020
2020-10-11 9:45,지출602,,"1,545,881",임대료,지출,임대료,업체018
2020-10-11 12:52,매출입금393,"1,397,810",,매출,수입,매출,고객016
2020-10-12 12:28,매출입금327,"2,104,353",,매출,수입,매출,고객070
2020-10-12 17:36,지출761,,"1,645,614",기타,지출,기타,업체024
2020-10-13 10:51,지출023,,"401,575",기타,지출,기타,업체018
2020-10-15 13:25,매출입금931,"4,561,399",,매출,수입,매출,고객062
2020-10-15 18:47,지출305,,"1,088,670",운영비,지출,운영비,업체019
2020-10-16 14:24,매출입금587,"4,171,117",,매출,수입,매출,고객064
2020-10-17 15:52,매출입금684,"3,977,864",,매출,수입,매출,고객077
2020-10-18 10:52,매출입금663,"3,861,183",,매출,수입,매출,고객040
2020-10-18 18:14,매출입금128,"3,211,874",,매출,수입,매출,고객003
2020-10-19 9:52,지출646,,"1,593,549",재료비,지출,재료비,업체028
2020-10-19 12:21,매출입금740,"1,286,689",,매출,수입,매출,고객035
2020-10-20 13:04,매출입금286,"2,582,055",,매출,수입,매출,고객057
2020-10-21 13:39,매출입금668,4531435,,매출,수입,매출,고객027
2020-10-21 17:55,매출입금876,2985158,,매출,수입,매출,고객003
2020-10-22 13:06,지출325,,"1,372,089",재료비,지출,재료비,업체005
2020-10-22 15:59,매출입금042,4886325,,매출,수입,매출,고객016
2020-10-23 15:51,지출407,,"333,025",인건비,지출,인건비,업체006
2020-10-23 18:55,매출입금897,4475590,,매출,수입,매출,고객053
2020-10-24 17:32,매출입금108,"3,339,554",,매출,수입,매출,고객085
2020-10-25 9:29,매출입금004,"755,680",,매출,수입,매출,고객014
2020-10-25 18:56,지출820,,"1,929,869",운영비,지출,운영비,업체050
2020-10-26 13:45,매출입금755,"1,085,927",,매출,수입,매출,고객029
2020-10-26 13:51,매출입금987,"1,876,329",,매출,수입,매출,고객084
2020-10-26 18:00,매출입금752,"2,995,013",,매출,수입,매출,고객039
2020-10-26 18:56,지출250,,"1,694,624",기타,지출,기타,업체033
2020-10-27 10:13,매출입금922,"2,701,471",,매출,수입,매출,고객087
2020-10-27 14:31,지출427,,"456,675",운영비,지출,운영비,업체015
2020-10-27 15:23,지출080,,"1,926,991",재료비,지출,재료비,업체046
2020-10-27 16:52,지출573,,"1,350,481",임대료,지출,임대료,업체012
2020-10-28 13:50,지출956,,"253,396",기타,지출,기타,업체036
2020-10-28 17:54,매출입금711,"4,014,650",,매출,수입,매출,고객087
2020-11-01 9:45,매출입금281,"557,339",,매출,수입,매출,고객077
2020-11-01 12:54,매출입금239,"2,831,404",,매출,수입,매출,고객030
2020-11-02 15:57,지출202,,"1,837,875",인건비,지출,인건비,업체041
2020-11-03 16:40,지출563,,"1,698,610",기타,지출,기타,업체001
2020-11-04 9:44,매출입금674,"1,521,853",,매출,수입,매출,고객044
2020-11-04 11:03,매출입금229,"3,450,313",,매출,수입,매출,고객081
2020-11-04 12:03,매출입금271,"3,568,393",,매출,수입,매출,고객049
2020-11-04 13:22,지출074,,"1,968,921",운영비,지출,운영비,업체003
2020-11-04 16:46,매출입금209,"2,442,258",,매출,수입,매출,고객064
2020-11-05 12:42,매출입금372,"2,313,755",,매출,수입,매출,고객058
2020-11-05 16:48,매출입금702,"2,825,015",,매출,수입,매출,고객005
2020-11-06 18:11,지출280,,"630,171",운영비,지출,운영비,업체041
2020-11-07 11:59,지출196,,"416,522",임대료,지출,임대료,업체041
2020-11-07 12:36,지출171,,"1,343,022",기타,지출,기타,업체048
2020-11-07 13:23,매출입금447,"3,865,687",,매출,수입,매출,고객007
2020-11-08 11:57,지출814,,"1,674,120",인건비,지출,인건비,업체042
2020-11-08 14:05,지출897,,"250,579",운영비,지출,운영비,업체043
2020-11-08 14:31,지출860,,"1,293,477",인건비,지출,인건비,업체004
2020-11-09 10:51,매출입금686,"2,019,192",,매출,수입,매출,고객005
2020-11-09 11:25,매출입금639,"2,616,045",,매출,수입,매출,고객018
2020-11-10 15:22,지출760,,"1,153,990",재료비,지출,재료비,업체045
2020-11-10 17:22,지출951,,"481,822",임대료,지출,임대료,업체039
2020-11-10 18:27,매출입금030,"1,704,972",,매출,수입,매출,고객067
2020-11-11 12:24,매출입금127,"2,533,841",,매출,수입,매출,고객027
2020-11-12 9:48,매출입금911,"3,689,130",,매출,수입,매출,고객004
2020-11-12 11:11,매출입금947,"2,462,304",,매출,수입,매출,고객050
2020-11-12 14:09,지출962,,"1,022,678",인건비,지출,인건비,업체040
2020-11-13 9:41,매출입금521,"1,542,264",,매출,수입,매출,고객031
2020-11-13 14:44,지출984,,"1,735,267",재료비,지출,재료비,업체046
2020-11-13 15:06,지출569,,"120,301",기타,지출,기타,업체009
2020-11-14 9:02,지출708,,"674,303",운영비,지출,운영비,업체030
2020-11-14 10:37,지출211,,"1,504,744",재료비,지출,재료비,업체007
2020-11-14 13:02,지출825,,"1,477,537",운영비,지출,운영비,업체029
2020-11-14 16:45,매출입금728,"4,105,386",,매출,수입,매출,고객039
2020-11-15 14:48,매출입금907,"1,761,458",,매출,수입,매출,고객081
2020-11-16 11:43,지출075,,"1,553,445",운영비,지출,운영비,업체015
2020-11-17 14:31,매출입금091,"2,739,762",,매출,수입,매출,고객090
2020-11-18 9:59,지출083,,"550,300",재료비,지출,재료비,업체013
2020-11-18 17:31,매출입금098,"4,960,513",,매출,수입,매출,고객081
2020-11-19 15:32,지출790,,"1,029,403",임대료,지출,임대료,업체045
2020-11-20 10:49,매출입금781,"2,573,475",,매출,수입,매출,고객057
2020-11-20 13:38,지출993,,"1,459,825",운영비,지출,운영비,업체042
2020-11-20 16:59,지출066,,"835,096",임대료,지출,임대료,업체038
2020-11-21 12:09,매출입금696,"2,665,531",,매출,수입,매출,고객017
2020-11-21 13:28,매출입금192,"4,428,259",,매출,수입,매출,고객088
2020-11-22 12:11,지출676,,"1,946,433",임대료,지출,임대료,업체015
2020-11-22 13:41,지출763,,"1,650,411",인건비,지출,인건비,업체032
2020-11-23 11:57,매출입금732,"2,675,759",,매출,수입,매출,고객054
2020-11-23 16:55,지출222,,"1,410,580",임대료,지출,임대료,업체022
2020-11-24 13:04,매출입금249,"2,698,781",,매출,수입,매출,고객098
2020-11-24 15:19,지출464,,"304,396",임대료,지출,임대료,업체044
2020-11-24 15:20,매출입금031,"1,599,637",,매출,수입,매출,고객012
2020-11-24 16:52,매출입금897,"4,496,215",,매출,수입,매출,고객035
2020-11-25 18:09,매출입금682,"632,992",,매출,수입,매출,고객027
2020-11-26 18:27,매출입금682,"1,320,584",,매출,수입,매출,고객015
2020-11-27 10:39,매출입금709,"701,561",,매출,수입,매출,고객039
2020-11-27 11:03,매출입금214,"2,154,005",,매출,수입,매출,고객005
2020-11-27 11:28,지출433,,"1,332,565",인건비,지출,인건비,업체039
2020-11-27 14:19,매출입금343,"2,628,735",,매출,수입,매출,고객031
2020-11-27 17:06,지출564,,"692,928",임대료,지출,임대료,업체033
2020-11-28 9:48,매출입금947,"4,655,921",,매출,수입,매출,고객036
2020-12-01 11:55,지출385,,"583,294",재료비,지출,재료비,업체018
2020-12-02 17:30,매출입금387,"3,088,542",,매출,수입,매출,고객066
2020-12-03 9:12,매출입금035,"2,675,783",,매출,수입,매출,고객071
2020-12-03 12:32,지출252,,"781,058",재료비,지출,재료비,업체048
2020-12-03 14:09,매출입금989,"2,631,665",,매출,수입,매출,고객036
2020-12-03 17:12,매출입금279,"2,852,931",,매출,수입,매출,고객073
2020-12-03 18:48,지출337,,"621,516",재료비,지출,재료비,업체011
2020-12-04 11:26,매출입금159,"1,080,728",,매출,수입,매출,고객098
2020-12-04 11:27,매출입금041,"3,348,404",,매출,수입,매출,고객092
2020-12-05 13:30,지출739,,"834,552",임대료,지출,임대료,업체036
2020-12-05 18:15,매출입금912,"2,770,622",,매출,수입,매출,고객042
2020-12-05 18:38,지출053,,"1,380,290",임대료,지출,임대료,업체004
2020-12-07 13:05,지출964,,"1,590,503",기타,지출,기타,업체013
2020-12-08 10:15,매출입금276,3732065 ,,매출,수입,매출,고객073
2020-12-08 12:43,지출838,,"623,524 ",운영비,지출,운영비,업체024
2020-12-08 13:43,지출522,,357764,인건비,지출,인건비,업체016
2020-12-08 17:01,지출150,,545698,임대료,지출,임대료,업체032
2020-12-08 17:18,매출입금889,"1,108,617",,매출,수입,매출,고객100
2020-12-09 10:31,지출708,,"454,443",인건비,지출,인건비,업체036
2020-12-09 16:41,지출619,,"186,085",기타,지출,기타,업체021
2020-12-10 16:34,지출176,,"1,683,400",인건비,지출,인건비,업체039
2020-12-11 17:14,매출입금004,"1,515,594",,매출,수입,매출,고객056
2020-12-12 17:40,지출270,,"957,644",임대료,지출,임대료,업체041
2020-12-13 9:25,지출932,,"180,013",임대료,지출,임대료,업체049
2020-12-13 13:26,지출248,,"1,323,497",운영비,지출,운영비,업체013
2020-12-13 16:06,매출입금310,"4,361,329",,매출,수입,매출,고객017
2020-12-13 18:15,매출입금022,"608,259",,매출,수입,매출,고객072
2020-12-14 11:15,지출833,,"1,370,767",운영비,지출,운영비,업체010
2020-12-14 13:38,지출067,,"514,401",재료비,지출,재료비,업체041
2020-12-14 15:46,매출입금795,"3,356,304",,매출,수입,매출,고객039
2020-12-14 16:42,매출입금646,"4,771,143",,매출,수입,매출,고객034
2020-12-15 10:01,지출497,,"1,609,572",재료비,지출,재료비,업체050
2020-12-17 12:07,지출073,,"1,961,927",기타,지출,기타,업체018
2020-12-17 16:35,매출입금674,"1,325,495",,매출,수입,매출,고객091
2020-12-18 9:45,매출입금207,"689,043",,매출,수입,매출,고객035
2020-12-18 15:08,매출입금448,"785,135",,매출,수입,매출,고객079
2020-12-20 10:36,매출입금760,"1,477,781",,매출,수입,매출,고객015
2020-12-20 14:05,매출입금471,"3,818,993",,매출,수입,매출,고객089
2020-12-20 17:52,지출643,,"148,208",재료비,지출,재료비,업체007
2020-12-22 9:26,매출입금334,"2,872,979",,매출,수입,매출,고객070
2020-12-22 16:45,지출807,,"1,108,963",재료비,지출,재료비,업체002
2020-12-23 10:30,지출007,,"880,923",재료비,지출,재료비,업체045
2020-12-23 14:21,지출855,,"169,653",기타,지출,기타,업체038
2020-12-23 18:42,지출759,,"544,191",운영비,지출,운영비,업체026
2020-12-24 18:03,지출483,,"1,317,563",재료비,지출,재료비,업체046
2020-12-25 17:34,지출266,,"1,470,656",기타,지출,기타,업체044
2020-12-25 18:40,매출입금094,"1,271,440",,매출,수입,매출,고객027
2020-12-26 11:09,지출345,,"1,300,578",재료비,지출,재료비,업체037
2020-12-26 11:56,매출입금874,"2,362,290",,매출,수입,매출,고객022
2020-12-26 13:49,지출329,,"1,807,292",기타,지출,기타,업체010
2020-12-26 15:31,매출입금721,4436742,,매출,수입,매출,고객100
2020-12-26 17:39,매출입금173,2105395,,매출,수입,매출,고객077
2020-12-28 10:42,매출입금581,730072,,매출,수입,매출,고객092
2020-12-28 14:11,매출입금236,3269674,,매출,수입,매출,고객020
2020-06-11 13:53,6,,,,보증료,,수원-고색중보들 선급금보증
2020-06-12 13:53,6,,,,외상매출,,수원-고색중보들 선금 입금
2020-06-12 13:53,6,,,,시험성적료,,시스템시험 중도금
2020-06-12 13:53,6,,,,외상매출,,하남유니온파크 바닥공사 입금
2020-06-12 13:53,6,,,,외상매출,,동해 전용축구장 입금
2020-06-12 13:53,6,,,,유동,운반비,춘천폴리텍 지붕위 인조잔디 배송
2020-06-12 13:53,6,,,,보증료,,신월근린공원 하자증권
2020-06-15 13:53,6,,,,보증료,,홍천-잿골체육공원 하자증권
2020-06-15 13:53,6,,,,외상매출,,신평면 풋살장 입금
2020-06-15 13:53,6,,,,외상매출,,보령패러글라이딩 입금
2020-06-15 13:53,6,,,,고정,수수료,캡스
2020-06-16 13:53,6,,,,보증료,,보라동게이트볼장 하자증권
2020-06-16 13:53,6,,,,유동,기타,코오롱 직원 식권비용
2020-06-16 13:53,6,,,,외상매입금,,관악산 둘레길 편의시설 보강공사 폐기물처리비용
2020-06-17 13:39,6,,,,외상매입금,,2020년 공원 시설물(국민연금공제)
2020-06-17 13:39,6,,,,외상매입금,,2020년 공원 시설물(국민연금공제)
2020-06-17 13:39,6,,,,외상매입금,,2020년 공원 시설물(국민연금공제)
2020-06-17 13:39,6,,,,외상매입금,,2020년 공원 시설물(국민연금공제)
2020-06-17 13:40,6,,,,외상매입금,,2020년 공원 시설물(국민연금공제)
2020-06-17 13:40,6,,,,외상매입금,,2020년 공원 시설물(국민연금공제)
2020-06-17 13:40,6,,,,외상매입금,,2020년 공원 시설물(국민연금공제)
2020-06-17 13:40,6,,,,외상매출,,잿골체육공원 입금
2020-06-17 14:28,6,,,,유동,기타,선불카드
2020-06-18 14:28,6,,,,외상매출,,청학리게이트볼장 입금
2020-06-18 14:28,6,,,,보증료,,체육공원 풋살장(남부) 하자증권
2020-06-18 14:28,6,,,,급여,,퇴직연금 운용자산 수수료
2020-06-01 16:22,6,,,,외상매출,,2020년 공원시설물
2020-06-16 16:22,6,,,,외상매출,,2020년 공원시설물
2020-06-17 16:22,6,,,,,,
2020-06-17 16:22,6,,,,외상매출,,2020년 공원시설물
2020-06-17 16:22,6,,,,,,
2020-06-17 16:22,6,,,,외상매입금,,5월 노무비
2020-06-17 16:22,6,,,,외상매입금,,5월 노무비
2020-06-17 16:22,6,,,,외상매입금,,5월 노무비
2020-06-17 16:22,6,,,,외상매입금,,5월 노무비
2020-06-17 16:22,6,,,,외상매입금,,5월 노무비
2020-06-17 16:22,6,,,,외상매입금,,5월 노무비
2020-06-17 16:22,6,,,,외상매입금,,5월 노무비
06-19,6,,,,외상매출,,
06-19,6,,,,보증료,보증료,
06-19,6,,,,보증료,보증료,
06-19,6,,,,보증료,보증료,
06-19,6,,,,보증료,보증료,
06-19,6,,,,보증료,보증료,
06-20,6,,,,기타,,
06-20,6,,,,기타,,
06-20,6,,,,기타,,
06-22,6,,,,외상매출,,
06-22,6,,,,외상매출,,
06-22,6,,,,보증료,보증료,
06-22,6,,,,유동,기타,
06-22,6,,,,유동,기타,
06-22,6,,,,보증료,보증료,
06-23,6,,,,외상매출,,
06-23,6,,,,기타,,"구항,은하 게이트볼장 하자증권 일자수정 환금(5/22->5/25)
"
06-23,6,,,,외상매출,,
06-23,6,,,,외상매출,,
06-23,6,,,,외상매출,,
06-23,6,,,,보증료,보증료,
06-23,6,,,,시험성적료,시험성적료,
06-23,6,,,,외상매입금,2020년 시설물,
06-23,6,,,,보증료,보증료,
06-23,6,,,,보증료,보증료,
06-23,6,,,,보증료,보증료,
06-23,6,,,,보증료,보증료,
06-23,6,,,,보증료,보증료,
06-23,6,,,,보증료,보증료,
06-23,6,,,,유동,기타,
06-23,6,,,,유동,기타,
06-23,6,,,,보증료,보증료,
06-24,6,,,,외상매출,,
06-24,6,,,,외상매출,,
06-24,6,,,,외상매출,,
06-24,6,,,,보증료,,
06-24,6,,,,보증료,보증료,
06-24,6,,,,보증료,보증료,
06-24,6,,,,보증료,보증료,
06-24,6,,,,보증료,보증료,
06-24,6,,,,보증료,보증료,
06-24,6,,,,보증료,보증료,
06-24,6,,,,보증료,보증료,
06-24,6,,,,보증료,보증료,
06-24,6,,,,보증료,보증료,
06-24,6,,,,외상매입금,2020년 시설물,
06-24,6,,,,외상매입금,2020년 시설물,
06-24,6,,,,외상매입금,2020년 시설물,
06-24,6,,,,외상매입금,2020년 시설물,
06-24,6,,,,외상매입금,2020년 시설물,
06-24,6,,,,외상매입금,2020년 시설물,
06-24,6,,,,외상매입금,2020년 시설물,
06-24,6,,,,외상매입금,2020년 시설물,
06-24,6,,,,외상매입금,2020년 시설물,
06-24,6,,,,외상매입금,2020년 시설물,
06-25,6,,,,외상매출,,
06-25,6,,,,외상매출,,
06-25,6,,,,외상매출,,
06-25,6,,,,외상매출,,
06-25,6,,,,외상매출,,
06-25,6,,,,급여,급여,
06-25,6,,,,급여,급여,
06-25,6,,,,고정,임차료,
06-25,6,,,,유동,도서인쇄,
06-25,6,,,,보증료,보증료,
06-25,6,,,,보증료,보증료,
06-25,6,,,,고정,통신비,
06-25,6,,,,고정,통신비,
06-25,6,,,,고정,임차료,
06-25,6,,,,고정,통신비,
06-25,6,,,,고정,통신비,
06-25,6,,,,고정,수수료,
06-25,6,,,,외상매출,,
06-25,6,,,,유동,기타,
06-26,6,,,,외상매출,,
06-26,6,,,,외상매출,,
06-26,6,,,,외상매출,,
06-26,6,,,,외상매출,,
06-26,6,,,,외상매출,,
06-26,6,,,,보증료,보증료,
06-26,6,,,,보증료,보증료,
06-26,6,,,,외상매출,,
06-26,6,,,,외상매입금,2020년 시설물,
06-29,6,,,,외상매출,,
06-29,6,,,,외상매출,,
06-29,6,,,,외상매출,,
06-29,6,,,,외상매출,,
06-29,6,,,,외상매출,,
06-29,6,,,,외상매출,,
06-29,6,,,,보증료,보증료,
06-29,6,,,,보증료,보증료,
06-29,6,,,,보증료,보증료,
06-29,6,,,,보증료,보증료,
06-30,6,,,,외상매출,,
06-30,6,,,,외상매출,,
06-30,6,,,,외상매출,,
06-30,6,,,,외상매출,,
06-30,6,,,,외상매출,,
06-30,6,,,,고정,수수료,
06-30,6,,,,유동,고정자산,
06-30,6,,,,보증료,보증료,
06-30,6,,,,보증료,보증료,
06-30,6,,,,급여,급여,
06-30,6,,,,유동,수수료,
06-30,6,,,,유동,도서인쇄,
06-30,6,,,,유동,운반비,
06-30,6,,,,유동,광고선전비,
06-30,6,,,,유동,사무용품,
06-30,6,,,,고정,수수료,
06-30,6,,,,고정,임차료,
06-30,6,,,,고정,수수료,
06-30,6,,,,고정,수수료,
06-30,6,,,,고정,임차료,
06-30,6,,,,고정,수수료,
06-30,6,,,,고정,전기,
06-30,6,,,,시험성적료,시험성적료,
06-30,6,,,,외상매입금,외상매입,
06-30,6,,,,외상매입금,외상매입,
06-30,6,,,,외상매입금,외상매입,
06-30,6,,,,외상매입금,외상매입,
06-30,6,,,,외상매입금,외상매입,
06-30,6,,,,고정,임차료,
06-30,6,,,,고정,금융상품,
06-30,6,,,,고정,금융상품,
06-30,6,,,,기타,보증료,태조산 청소년수련관 하자보증 환급
06-30,6,,,,외상매출,,
06-30,6,,,,외상매입금,2020년 시설물,
07-01,7,,,,외상매출,,
07-01,7,,,,외상매출,,
07-01,7,,,,외상매입금,외상매입,
07-01,7,,,,보증료,보증료,
07-01,7,,,,유동,기타,
07-01,7,,,,유동,기타,
07-02,7,,,,외상매출,,
07-02,7,,,,유동,기타,
07-02,7,,,,고정,임차료,
07-02,7,,,,급여,,
07-03,7,,,,외상매입금,2020년 시설물,
07-03,7,,,,외상매입금,2020년 시설물,
07-06,7,,,,외상매출,,
07-06,7,,,,보증료,보증료,
07-07,7,,,,기타,,
07-07,7,,,,보증료,보증료,
07-07,7,,,,보증료,보증료,
07-07,7,,,,보증료,보증료,
07-07,7,,,,보증료,보증료,
07-07,7,,,,보증료,보증료,
07-08,7,,,,외상매출,,
07-08,7,,,,외상매출,,
07-08,7,,,,외상매입금,외상매입,
07-08,7,,,,기타,,
07-09,7,,,,유동,기타,
07-09,7,,,,외상매출,2020년 시설물,
07-10,7,,,,급여,,
07-10,7,,,,외상매입금,2020년 시설물,
07-10,7,,,,급여,,
07-10,7,,,,급여,,
07-10,7,,,,유동,수수료,
07-10,7,,,,급여,,
07-10,7,,,,급여,,
07-10,7,,,,외상매입금,2020년 시설물,
07-10,7,,,,고정,수수료,
07-10,7,,,,고정,임차료,
07-10,7,,,,보증료,보증료,
07-10,7,,,,보증료,보증료,
07-10,7,,,,보증료,보증료,
07-10,7,,,,외상매입금,2020년 시설물,
07-13,7,,,,유동,기타,
07-13,7,,,,유동,기타,
07-14,7,,,,외상매출,,
07-14,7,,,,외상매출,,
07-14,7,,,,외상매출,,
07-14,7,,,,기타,,
07-14,7,,,,기타,,
07-14,7,,,,기타,,
07-14,7,,,,보증료,보증료,
07-14,7,,,,보증료,보증료,
07-14,7,,,,보증료,보증료,
07-15,7,,,,고정,수수료,
07-16,7,,,,외상매출,2020년 시설물,
07-17,7,,,,외상매출,,
07-17,7,,,,유동,수수료,
07-20,7,,,,외상매출,,
07-20,7,,,,외상매출,,
07-20,7,,,,외상매출,,
07-20,7,,,,외상매출,,
07-20,7,,,,보증료,보증료,
07-20,7,,,,외상매입금,2020년 시설물,
07-20,7,,,,외상매입금,2020년 시설물,
07-20,7,,,,외상매입금,2020년 시설물,
07-20,7,,,,외상매입금,2020년 시설물,
07-20,7,,,,외상매입금,2020년 시설물,
07-20,7,,,,외상매입금,2020년 시설물,
07-20,7,,,,외상매입금,2020년 시설물,
07-20,7,,,,외상매입금,2020년 시설물,
07-21,7,,,,외상매출,,
07-22,7,,,,보증료,보증료,
07-22,7,,,,유동,수수료,
07-22,7,,,,유동,수수료,
07-22,7,,,,유동,기타,
07-23,7,,,,보증료,보증료,
07-23,7,,,,유동,수수료,
07-24,7,,,,시험성적료,,
07-24,7,,,,보증료,보증료,
07-24,7,,,,고정,임차료,
07-24,7,,,,고정,전기,
07-24,7,,,,급여,,
07-24,7,,,,급여,,
07-27,7,,,,외상매출,,
07-27,7,,,,고정,통신비,
07-27,7,,,,고정,통신비,
07-27,7,,,,고정,수수료,
07-27,7,,,,고정,임차료,
07-27,7,,,,고정,통신비,
07-27,7,,,,유동,운반비,
07-27,7,,,,세금,,
07-27,7,,,,유동,기타,
07-27,7,,,,보증료,보증료,
07-27,7,,,,고정,통신비,
07-27,7,,,,고정,수수료,
07-27,7,,,,유동,기타,
07-28,7,,,,기타,2020년 시설물,
07-28,7,,,,보증료,보증료,
07-29,7,,,,외상매출,,
07-29,7,,,,보증료,보증료,
07-29,7,,,,보증료,보증료,
07-30,7,,,,외상매출,,
07-30,7,,,,외상매출,,
07-30,7,,,,보증료,보증료,
07-30,7,,,,유동,기타,
07-31,7,,,,외상매출,,
07-31,7,,,,외상매출,,
07-31,7,,,,고정,금융상품,
07-31,7,,,,고정,금융상품,
07-31,7,,,,고정,임차료,
07-31,7,,,,고정,임차료,
07-31,7,,,,보증료,보증료,
07-31,7,,,,급여,급여,
07-31,7,,,,유동,도서인쇄,
07-31,7,,,,고정,수수료,
07-31,7,,,,유동,운반비,
07-31,7,,,,고정,수수료,
07-31,7,,,,고정,임차료,
07-31,7,,,,유동,사무용품,
07-31,7,,,,유동,도서인쇄,
07-31,7,,,,고정,수수료,
07-31,7,,,,고정,수수료,
07-31,7,,,,고정,임차료,
07-31,7,,,,유동,광고선전비,
07-31,7,,,,유동,수수료,
07-31,7,,,,시험성적료,,
07-31,7,,,,외상매입금,,
07-31,7,,,,외상매입금,,
07-31,7,,,,외상매입금,,
07-31,7,,,,외상매입금,,
07-31,7,,,,외상매입금,,
07-31,7,,,,외상매입금,,
07-31,7,,,,외상매입금,,
07-31,7,,,,외상매입금,,
07-31,7,,,,유동,기타,
07-31,7,,,,보증료,보증료,
08-03,8,,,,보증료,보증료,
08-03,8,,,,보증료,보증료,
08-03,8,,,,유동,수수료,
08-03,8,,,,보증료,보증료,
08-03,8,,,,고정,임차료,
08-03,8,,,,유동,기타,
08-04,8,,,,기타,,
08-04,8,,,,외상매출,,
08-04,8,,,,보증료,보증료,
08-04,8,,,,보증료,보증료,
08-04,8,,,,보증료,보증료,
08-05,8,,,,외상매출,,
08-05,8,,,,보증료,보증료,
08-05,8,,,,보증료,보증료,
08-05,8,,,,보증료,보증료,
08-06,8,,,,외상매출,,
08-06,8,,,,보증료,보증료,
08-06,8,,,,유동,기타,
08-07,8,,,,보증료,보증료,
08-07,8,,,,보증료,보증료,
08-07,8,,,,보증료,보증료,
08-07,8,,,,보증료,보증료,
08-07,8,,,,유동,수수료,
08-07,8,,,,유동,수수료,
08-07,8,,,,유동,수수료,
08-07,8,,,,유동,기타,
08-10,8,,,,기타,,
08-10,8,,,,고정,수수료,
08-10,8,,,,고정,임차료,
08-10,8,,,,보증료,보증료,
08-10,8,,,,보증료,보증료,
08-10,8,,,,보증료,보증료,
08-10,8,,,,급여,,
08-10,8,,,,급여,,
08-10,8,,,,외상매입금,,
08-10,8,,,,유동,수수료,
08-10,8,,,,유동,기타,
08-10,8,,,,유동,수수료,
08-10,8,,,,외상매입금,,
08-10,8,,,,급여,,
08-10,8,,,,급여,,
08-10,8,,,,외상매입금,,
08-10,8,,,,급여,,
08-11,8,,,,외상매출,,
08-11,8,,,,보증료,보증료,
08-12,8,,,,외상매출,,
08-12,8,,,,외상매출,,
08-12,8,,,,외상매출,,
08-12,8,,,,외상매출,,
08-12,8,,,,보증료,보증료,
08-12,8,,,,유동,기타,
08-12,8,,,,유동,기타,
08-12,8,,,,유동,기타,
08-12,8,,,,외상매출,,
08-13,8,,,,외상매출,,
08-13,8,,,,보증료,보증료,
08-13,8,,,,유동,기타,
08-13,8,,,,유동,운반비,
08-14,8,,,,외상매출,,
08-14,8,,,,보증료,보증료,
08-14,8,,,,유동,수수료,
08-14,8,,,,보증료,보증료,
08-18,8,,,,외상매출,,
08-18,8,,,,외상매입금,,
08-18,8,,,,유동,기타,
08-18,8,,,,고정,수수료,
08-18,8,,,,외상매입금,,
08-19,8,,,,보증료,보증료,
08-19,8,,,,외상매입금,,
08-19,8,,,,유동,기타,
08-24,8,,,,보증료,보증료,
08-24,8,,,,,,
08-24,8,,,,,,
08-24,8,,,,외상매입금,,
08-25,8,,,,외상매출,,
08-25,8,,,,,,
08-25,8,,,,고정,통신비,
08-25,8,,,,고정,통신비,
08-25,8,,,,고정,수수료,
08-25,8,,,,고정,임차료,
08-25,8,,,,고정,통신비,
08-25,8,,,,보증료,보증료,
08-25,8,,,,보증료,보증료,
08-25,8,,,,급여,,
08-25,8,,,,유동,운반비,
08-25,8,,,,고정,전기,
08-25,8,,,,고정,임차료,
08-25,8,,,,고정,통신비,
08-25,8,,,,유동,기타,
08-25,8,,,,,,
08-25,8,,,,급여,,
08-26,8,,,,외상매출,,
08-26,8,,,,기타,,
08-26,8,,,,외상매출,,
08-27,8,,,,고정,수수료,
08-28,8,,,,보증료,보증료,
08-31,8,,,,고정,금융상품,
08-31,8,,,,고정,금융상품,
08-31,8,,,,유동,도서인쇄,
08-31,8,,,,고정,임차료,
08-31,8,,,,고정,임차료,
08-31,8,,,,급여,,
08-31,8,,,,보증료,보증료,
08-31,8,,,,세금,,
08-31,8,,,,유동,수수료,
08-31,8,,,,유동,도서인쇄,
08-31,8,,,,고정,수수료,
08-31,8,,,,유동,운반비,
08-31,8,,,,고정,수수료,
08-31,8,,,,고정,임차료,
08-31,8,,,,유동,사무용품,
08-31,8,,,,고정,수수료,
08-31,8,,,,고정,수수료,
08-31,8,,,,고정,임차료,
08-31,8,,,,유동,광고선전비,
08-31,8,,,,시험성적료,,
08-31,8,,,,외상매입금,,
08-31,8,,,,외상매입금,,
08-31,8,,,,외상매입금,,
08-31,8,,,,외상매입금,,
08-31,8,,,,외상매입금,,
08-31,8,,,,외상매입금,,
08-31,8,,,,유동,기타,
08-31,8,,,,세금,,
08-31,8,,,,유동,기타,
08-31,8,,,,보증료,보증료,
08-31,8,,,,외상매출,,
08-31,8,,,,외상매출,,
08-31,8,,,,외상매출,,
09-01,9,,,,기타,,
09-01,9,,,,유동,기타,
09-02,9,,,,기타,,
09-02,9,,,,기타,,
09-02,9,,,,고정,임차료,
09-02,9,,,,보증료,보증료,
09-02,9,,,,보증료,보증료,
09-02,9,,,,보증료,보증료,
09-02,9,,,,보증료,보증료,
09-02,9,,,,외상매출,,
09-03,9,,,,외상매출,,
09-03,9,,,,외상매출,,
09-03,9,,,,외상매출,,
09-03,9,,,,보증료,보증료,
09-03,9,,,,외상매입금,,
09-03,9,,,,외상매입금,,
09-03,9,,,,외상매입금,,
09-04,9,,,,보증료,보증료,
09-07,9,,,,외상매출,,
09-07,9,,,,외상매출,,
09-07,9,,,,외상매출,,
09-07,9,,,,외상매입금,,
09-08,9,,,,보증료,보증료,
09-09,9,,,,보증료,보증료,
09-10,9,,,,고정,수수료,
09-10,9,,,,고정,임차료,
09-10,9,,,,보증료,보증료,
09-10,9,,,,유동,수수료,
09-10,9,,,,급여,,
09-10,9,,,,급여,,
09-10,9,,,,외상매입금,,
09-10,9,,,,유동,수수료,
09-10,9,,,,외상매입금,,
09-10,9,,,,급여,,
09-10,9,,,,급여,,
09-10,9,,,,외상매입금,,
09-10,9,,,,급여,,
09-11,9,,,,외상매출,,
09-11,9,,,,보증료,보증료,
09-11,9,,,,보증료,보증료,
09-11,9,,,,외상매출,,
09-14,9,,,,외상매출,,
09-14,9,,,,보증료,보증료,
09-14,9,,,,보증료,보증료,
09-14,9,,,,외상매입금,,
09-15,9,,,,보증료,보증료,
09-15,9,,,,고정,수수료,
09-16,9,,,,외상매출,,
09-16,9,,,,외상매출,,
09-16,9,,,,외상매출,,
09-16,9,,,,외상매입금,,
09-16,9,,,,보증료,보증료,
09-16,9,,,,고정,금융상품,
09-17,9,,,,외상매출,,
09-17,9,,,,유동,기타,
09-17,9,,,,유동,기타,
09-17,9,,,,보증료,보증료,
09-18,9,,,,외상매출,,
09-18,9,,,,외상매출,,
09-21,9,,,,외상매출,,
09-21,9,,,,기타,,
09-21,9,,,,유동,기타,
09-21,9,,,,보증료,보증료,
09-21,9,,,,기타,,
09-21,9,,,,외상매출,,
09-21,9,,,,기타,,
09-22,9,,,,외상매출,,
09-22,9,,,,보증료,보증료,
09-22,9,,,,외상매입금,,
09-22,9,,,,보증료,보증료,
09-22,9,,,,보증료,보증료,
09-23,9,,,,외상매출,,
09-23,9,,,,보증료,보증료,
09-23,9,,,,보증료,보증료,
09-23,9,,,,유동,기타,
09-23,9,,,,보증료,보증료,
09-23,9,,,,보증료,보증료,
09-23,9,,,,유동,기타,
09-24,9,,,,외상매출,,
09-24,9,,,,외상매출,,
09-24,9,,,,외상매입금,,
09-24,9,,,,외상매입금,,
09-25,9,,,,외상매출,,
09-25,9,,,,급여,,
09-25,9,,,,고정,통신비,
09-25,9,,,,고정,통신비,
09-25,9,,,,고정,수수료,
09-25,9,,,,고정,임차료,
09-25,9,,,,고정,통신비,
09-25,9,,,,급여,,
09-25,9,,,,고정,통신비,
09-25,9,,,,고정,전기,
09-25,9,,,,고정,임차료,
09-25,9,,,,급여,,
09-25,9,,,,유동,기타,
09-25,9,,,,급여,,
09-28,9,,,,외상매출,,
09-28,9,,,,외상매출,,
09-28,9,,,,외상매출,,
09-28,9,,,,고정,수수료,
09-29,9,,,,외상매출,,
09-29,9,,,,급여,,
09-29,9,,,,고정,수수료,
09-29,9,,,,유동,운반비,
09-29,9,,,,고정,수수료,
09-29,9,,,,고정,임차료,
09-29,9,,,,유동,사무용품,
09-29,9,,,,고정,수수료,
09-29,9,,,,고정,수수료,
09-29,9,,,,고정,임차료,
09-29,9,,,,유동,광고선전비,
09-29,9,,,,시험성적료,,
09-29,9,,,,외상매입금,,
09-29,9,,,,외상매입금,,
09-29,9,,,,외상매입금,,
09-29,9,,,,외상매입금,,
09-29,9,,,,보증료,보증료,
09-29,9,,,,외상매출,,
09-29,9,,,,외상매입금,,
10-05,10,,,,고정,금융상품,
10-05,10,,,,고정,금융상품,
10-05,10,,,,고정,임차료,
10-05,10,,,,고정,임차료,
10-05,10,,,,고정,임차료,
10-05,10,,,,유동,기타,
10-05,10,,,,유동,기타,
10-05,10,,,,보증료,보증료,
10-06,10,,,,외상매출,,
10-06,10,,,,보증료,보증료,
10-07,10,,,,외상매출,,
10-07,10,,,,외상매출,,
10-07,10,,,,기타,,
10-07,10,,,,보증료,보증료,
10-07,10,,,,외상매입금,,
10-08,10,,,,외상매출,,
10-08,10,,,,보증료,보증료,
10-08,10,,,,보증료,보증료,
10-08,10,,,,보증료,보증료,
10-12,10,,,,외상매출,,
10-12,10,,,,고정,수수료,
10-12,10,,,,고정,임차료,
10-12,10,,,,외상매입금,,
10-12,10,,,,보증료,보증료,
10-12,10,,,,유동,수수료,
10-12,10,,,,유동,여비교통비,
10-12,10,,,,유동,여비교통비,
10-12,10,,,,유동,여비교통비,
10-12,10,,,,급여,,
10-12,10,,,,급여,,
10-12,10,,,,외상매입금,,
10-12,10,,,,외상매입금,,
10-12,10,,,,보증료,보증료,
10-12,10,,,,급여,,
10-12,10,,,,급여,,
10-12,10,,,,외상매입금,,
10-12,10,,,,급여,,
10-13,10,,,,외상매출,,
10-13,10,,,,유동,도서인쇄,
10-13,10,,,,보증료,보증료,
10-13,10,,,,보증료,보증료,
10-14,10,,,,외상매출,,
10-14,10,,,,유동,수수료,
10-14,10,,,,유동,기타,
10-14,10,,,,유동,운반비,
10-14,10,,,,고정,보험료,
10-14,10,,,,보증료,보증료,
10-14,10,,,,유동,수수료,
10-14,10,,,,유동,고정자산,
10-15,10,,,,외상매출,,
10-15,10,,,,기타,,
10-15,10,,,,유동,고정자산,
10-15,10,,,,보증료,보증료,
10-15,10,,,,보증료,보증료,
10-15,10,,,,유동,수수료,
10-15,10,,,,보증료,보증료,
10-15,10,,,,고정,수수료,
10-16,10,,,,외상매출,,
10-16,10,,,,외상매출,,
10-16,10,,,,외상매출,,
10-16,10,,,,외상매출,,
10-16,10,,,,보증료,보증료,
10-19,10,,,,보증료,보증료,
10-20,10,,,,외상매출,,
10-20,10,,,,외상매출,,
10-20,10,,,,외상매출,,
10-20,10,,,,외상매출,,
10-20,10,,,,외상매출,,
10-20,10,,,,보증료,보증료,
10-20,10,,,,보증료,보증료,
10-20,10,,,,보증료,보증료,
10-20,10,,,,보증료,보증료,
10-20,10,,,,보증료,보증료,
10-21,10,,,,외상매출,,
10-21,10,,,,외상매출,,
10-21,10,,,,유동,수수료,
10-21,10,,,,고정,보험료,
10-21,10,,,,보증료,보증료,
10-22,10,,,,외상매출,,
10-22,10,,,,기타,,
10-22,10,,,,보증료,보증료,
10-22,10,,,,유동,수수료,
10-22,10,,,,유동,수수료,
10-22,10,,,,외상매입금,,
10-22,10,,,,유동,운반비,
10-22,10,,,,외상매출,,
10-23,10,,,,급여,,
10-23,10,,,,유동,기타,
10-23,10,,,,급여,,
10-26,10,,,,고정,수수료,
10-26,10,,,,고정,통신비,
10-26,10,,,,고정,통신비,
10-26,10,,,,고정,임차료,
10-26,10,,,,고정,통신비,
10-26,10,,,,고정,통신비,
10-27,10,,,,기타,,
10-27,10,,,,보증료,보증료,
10-27,10,,,,유동,운반비,
10-27,10,,,,고정,수수료,
10-28,10,,,,외상매출,,
10-28,10,,,,보증료,보증료,
10-28,10,,,,보증료,보증료,
10-28,10,,,,유동,고정자산,
10-28,10,,,,보증료,보증료,
10-28,10,,,,외상매입금,,
10-28,10,,,,외상매입금,,
10-28,10,,,,외상매입금,,
10-29,10,,,,외상매출,,
10-29,10,,,,외상매출,,
10-29,10,,,,외상매출,,
10-29,10,,,,보증료,보증료,
10-29,10,,,,보증료,보증료,
10-29,10,,,,보증료,보증료,
10-29,10,,,,보증료,보증료,
10-29,10,,,,보증료,보증료,
10-30,10,,,,외상매출,,
10-30,10,,,,외상매출,,
10-30,10,,,,외상매출,,
10-30,10,,,,외상매출,,
10-30,10,,,,외상매출,,
10-30,10,,,,급여,,
10-30,10,,,,고정,수수료,
10-30,10,,,,유동,운반비,
10-30,10,,,,고정,수수료,
10-30,10,,,,고정,임차료,
10-30,10,,,,유동,사무용품,
10-30,10,,,,고정,수수료,
10-30,10,,,,고정,수수료,
10-30,10,,,,고정,임차료,
10-30,10,,,,유동,광고선전비,
10-30,10,,,,시험성적료,,
10-30,10,,,,외상매입금,,
10-30,10,,,,외상매입금,,
10-30,10,,,,외상매입금,,
10-30,10,,,,외상매입금,,
10-30,10,,,,외상매입금,,
10-30,10,,,,세금,,
10-30,10,,,,세금,,
11-02,11,,,,고정,금융상품,
11-02,11,,,,고정,금융상품,
11-02,11,,,,고정,임차료,
11-02,11,,,,고정,임차료,
11-02,11,,,,고정,임차료,
11-02,11,,,,유동,기타,
11-02,11,,,,보증료,보증료,
11-02,11,,,,보증료,보증료,
11-03,11,,,,외상매출,,
11-03,11,,,,외상매출,,
11-03,11,,,,보증료,보증료,
11-04,11,,,,외상매출,,
11-04,11,,,,보증료,보증료,
11-04,11,,,,보증료,보증료,
11-04,11,,,,외상매입금,,
11-04,11,,,,보증료,보증료,
11-04,11,,,,보증료,보증료,
11-05,11,,,,외상매출,,
11-05,11,,,,유동,수수료,
11-05,11,,,,보증료,보증료,
11-06,11,,,,외상매출,,
11-06,11,,,,외상매출,,
11-06,11,,,,보증료,보증료,
11-06,11,,,,보증료,보증료,
11-06,11,,,,보증료,보증료,
11-09,11,,,,외상매출,,
11-09,11,,,,보증료,보증료,
11-09,11,,,,보증료,보증료,
11-09,11,,,,보증료,보증료,
11-09,11,,,,보증료,보증료,
11-09,11,,,,보증료,보증료,
11-09,11,,,,외상매입금,,
11-09,11,,,,보증료,보증료,
11-09,11,,,,보증료,보증료,
11-10,11,,,,기타,,
11-10,11,,,,외상매출,,
11-10,11,,,,외상매출,,
11-10,11,,,,외상매출,,
11-10,11,,,,외상매출,,
11-10,11,,,,외상매출,,
11-10,11,,,,기타,,
11-10,11,,,,기타,,
11-10,11,,,,고정,수수료,
11-10,11,,,,고정,임차료,
11-10,11,,,,급여,,
11-10,11,,,,급여,,
11-10,11,,,,유동,도서인쇄,
11-10,11,,,,유동,기타,
11-10,11,,,,유동,수수료,
11-10,11,,,,보증료,보증료,
11-10,11,,,,급여,,
11-10,11,,,,급여,,
11-10,11,,,,외상매입금,,
11-10,11,,,,급여,,
11-11,11,,,,외상매출,,
11-11,11,,,,외상매출,,
11-11,11,,,,보증료,보증료,
11-11,11,,,,보증료,보증료,
11-11,11,,,,보증료,보증료,
11-11,11,,,,보증료,보증료,
11-11,11,,,,보증료,보증료,
11-11,11,,,,보증료,보증료,
11-11,11,,,,유동,수수료,
11-12,11,,,,외상매출,,
11-12,11,,,,외상매출,,
11-12,11,,,,외상매출,,
11-12,11,,,,기타,,
11-12,11,,,,기타,,
11-12,11,,,,기타,,
11-12,11,,,,외상매출,,
11-12,11,,,,보증료,보증료,
11-13,11,,,,유동,운반비,
11-16,11,,,,외상매출,,
11-16,11,,,,외상매출,,
11-16,11,,,,고정,수수료,
11-16,11,,,,보증료,보증료,
11-16,11,,,,시험성적료,,
11-16,11,,,,유동,기타,
11-16,11,,,,보증료,보증료,
11-16,11,,,,보증료,보증료,
11-16,11,,,,보증료,보증료,
11-16,11,,,,유동,수수료,
11-16,11,,,,급여,,
11-17,11,,,,외상매출,,
11-17,11,,,,외상매출,,
11-17,11,,,,외상매출,,
11-17,11,,,,외상매출,,
11-17,11,,,,유동,기타,
11-17,11,,,,외상매출,,
11-18,11,,,,보증료,보증료,
11-19,11,,,,외상매출,,
11-19,11,,,,단기대여금,,
11-19,11,,,,보증료,보증료,
11-19,11,,,,보증료,보증료,
11-19,11,,,,예적금,,
11-19,11,,,,예적금,,
11-20,11,,,,외상매출,,
11-20,11,,,,외상매출,,
11-23,11,,,,보증료,보증료,
11-23,11,,,,유동,기타,
11-23,11,,,,외상매입금,,
11-24,11,,,,외상매출,,
11-24,11,,,,외상매출,,
11-25,11,,,,외상매출,,
11-25,11,,,,급여,,
11-25,11,,,,고정,수수료,
11-25,11,,,,고정,통신비,
11-25,11,,,,고정,통신비,
11-25,11,,,,고정,임차료,
11-25,11,,,,고정,통신비,
11-25,11,,,,고정,통신비,
11-25,11,,,,보증료,보증료,
11-25,11,,,,고정,임차료,
11-25,11,,,,고정,전기,
11-25,11,,,,세금,,
11-25,11,,,,유동,기타,
11-25,11,,,,급여,,
11-26,11,,,,외상매출,,
11-26,11,,,,외상매출,,
11-26,11,,,,보증료,보증료,
11-27,11,,,,외상매출,,
11-27,11,,,,보증료,보증료,
11-27,11,,,,보증료,보증료,
11-27,11,,,,고정,수수료,
11-30,11,,,,외상매출,,
11-30,11,,,,외상매출,,
11-30,11,,,,고정,금융상품,
11-30,11,,,,고정,금융상품,
11-30,11,,,,고정,임차료,
11-30,11,,,,시험성적료,,
11-30,11,,,,외상매입금,,
11-30,11,,,,외상매입금,,
11-30,11,,,,외상매입금,,
11-30,11,,,,외상매입금,,
11-30,11,,,,외상매입금,,
11-30,11,,,,급여,,
11-30,11,,,,고정,수수료,
11-30,11,,,,유동,운반비,
11-30,11,,,,고정,수수료,
11-30,11,,,,고정,임차료,
11-30,11,,,,유동,사무용품,
11-30,11,,,,고정,수수료,
11-30,11,,,,고정,수수료,
11-30,11,,,,고정,임차료,
11-30,11,,,,유동,도서인쇄,
11-30,11,,,,유동,기타,
11-30,11,,,,유동,운반비,
12-01,12,,,,유동,기타,
12-01,12,,,,보증료,보증료,
12-01,12,,,,외상매입금,,
12-01,12,,,,외상매입금,,
12-02,12,,,,외상매입금,,
12-02,12,,,,고정,임차료,
12-04,12,,,,외상매출,,
12-04,12,,,,외상매출,,
12-04,12,,,,외상매출,,
12-04,12,,,,보증료,보증료,
12-04,12,,,,보증료,보증료,
12-04,12,,,,보증료,보증료,
12-07,12,,,,기타,,
12-07,12,,,,외상매출,,
12-07,12,,,,외상매입금,,
12-07,12,,,,외상매입금,,
12-09,12,,,,보증료,보증료,
12-09,12,,,,보증료,보증료,
12-09,12,,,,외상매입금,,
12-09,12,,,,급여,,
12-10,12,,,,외상매출,,
12-10,12,,,,외상매출,,
12-10,12,,,,고정,수수료,
12-10,12,,,,고정,임차료,
12-10,12,,,,유동,기타,
12-10,12,,,,유동,기타,
12-10,12,,,,외상매입금,,
12-10,12,,,,급여,,
12-10,12,,,,급여,,
12-10,12,,,,유동,기타,
12-10,12,,,,유동,수수료,
12-10,12,,,,유동,수수료,
12-10,12,,,,급여,,
12-10,12,,,,급여,,
12-10,12,,,,외상매입금,,
12-10,12,,,,급여,,
12-11,12,,,,외상매출,,
12-12,12,,,,기타,,
12-12,12,,,,기타,,
12-14,12,,,,외상매출,,
12-14,12,,,,보증료,보증료,
12-15,12,,,,보증료,보증료,
12-15,12,,,,유동,수수료,
12-15,12,,,,보증료,보증료,
12-15,12,,,,보증료,보증료,
12-15,12,,,,보증료,보증료,
12-15,12,,,,유동,기타,
12-15,12,,,,고정,수수료,
12-16,12,,,,외상매출,,
12-16,12,,,,외상매출,,
12-16,12,,,,외상매출,,
12-16,12,,,,기타,,
12-16,12,,,,보증료,보증료,
12-17,12,,,,외상매출,,
12-17,12,,,,유동,수수료,
12-17,12,,,,보증료,보증료,
12-17,12,,,,보증료,보증료,
12-17,12,,,,보증료,보증료,
12-17,12,,,,보증료,보증료,
12-17,12,,,,유동,수수료,
12-17,12,,,,유동,운반비,
12-17,12,,,,유동,운반비,
12-17,12,,,,보증료,보증료,
12-18,12,,,,외상매출,,
12-18,12,,,,외상매출,,
12-18,12,,,,외상매출,,
12-18,12,,,,보증료,보증료,
12-18,12,,,,보증료,보증료,
12-18,12,,,,유동,수수료,
12-18,12,,,,고정,금융상품,
12-18,12,,,,보증료,보증료,
12-19,12,,,,기타,,
12-19,12,,,,기타,,
12-19,12,,,,기타,,
12-21,12,,,,외상매출,,
12-21,12,,,,외상매출,,
12-21,12,,,,외상매출,,
12-21,12,,,,기타,,
12-21,12,,,,보증료,보증료,
12-21,12,,,,보증료,보증료,
12-21,12,,,,보증료,보증료,
12-21,12,,,,보증료,보증료,
12-22,12,,,,외상매출,,
12-22,12,,,,외상매출,,
12-22,12,,,,유동,운반비,
12-22,12,,,,유동,기타,
12-22,12,,,,외상매입금,,
12-22,12,,,,보증료,보증료,
12-22,12,,,,보증료,보증료,
12-23,12,,,,보증료,보증료,
12-23,12,,,,보증료,보증료,
12-23,12,,,,보증료,보증료,
12-24,12,,,,외상매출,,
12-24,12,,,,외상매출,,
12-24,12,,,,외상매출,,
12-24,12,,,,급여,,
12-24,12,,,,보증료,보증료,
12-24,12,,,,고정,임차료,
12-24,12,,,,고정,전기,
12-24,12,,,,보증료,보증료,
12-24,12,,,,급여,,
12-28,12,,,,외상매출,,
12-28,12,,,,외상매출,,
12-28,12,,,,외상매출,,
12-28,12,,,,외상매출,,
12-28,12,,,,외상매출,,
12-28,12,,,,고정,수수료,
12-28,12,,,,고정,수수료,
12-28,12,,,,고정,통신비,
12-28,12,,,,고정,통신비,
12-28,12,,,,고정,임차료,
12-28,12,,,,고정,통신비,
12-28,12,,,,고정,통신비,
12-28,12,,,,보증료,보증료,
12-28,12,,,,보증료,보증료,
12-28,12,,,,유동,기타,
12-29,12,,,,외상매출,,
12-29,12,,,,외상매출,,
12-29,12,,,,외상매출,,
12-29,12,,,,외상매출,,
12-29,12,,,,보증료,보증료,
12-29,12,,,,보증료,보증료,
12-29,12,,,,보증료,보증료,
12-29,12,,,,보증료,보증료,
12-29,12,,,,보증료,보증료,
12-29,12,,,,보증료,보증료,
12-29,12,,,,보증료,보증료,
12-29,12,,,,보증료,보증료,
12-30,12,,,,외상매출,,
12-30,12,,,,외상매출,,
12-30,12,,,,외상매출,,
12-30,12,,,,외상매출,,
12-30,12,,,,외상매출,,
12-30,12,,,,외상매출,,
12-30,12,,,,보증료,보증료,
12-30,12,,,,보증료,보증료,
12-30,12,,,,보증료,보증료,
12-30,12,,,,고정,임차료,
12-31,12,,,,외상매출,,
12-31,12,,,,외상매출,,
12-31,12,,,,외상매출,,
12-31,12,,,,외상매출,,
12-31,12,,,,외상매출,,
12-31,12,,,,외상매출,,
12-31,12,,,,고정,금융상품,
12-31,12,,,,고정,금융상품,
12-31,12,,,,보증료,보증료,
12-31,12,,,,보증료,보증료,
12-31,12,,,,급여,,
12-31,12,,,,유동,기타,
12-31,12,,,,세금,,
12-31,12,,,,고정,수수료,
12-31,12,,,,유동,운반비,
12-31,12,,,,고정,수수료,
12-31,12,,,,고정,임차료,
12-31,12,,,,유동,사무용품,
12-31,12,,,,고정,수수료,
12-31,12,,,,고정,수수료,
12-31,12,,,,유동,광고선전비,
12-31,12,,,,시험성적료,,
12-31,12,,,,시험성적료,,
12-31,12,,,,외상매입금,,
12-31,12,,,,외상매입금,,
12-31,12,,,,외상매입금,,
12-31,12,,,,외상매입금,,
12-31,12,,,,외상매입금,,
,,,,,,,
,,,,,,,
,,,,,,,
,,,,,,,
,,,,,,,
,,,,,,,
,,, - ,,,,
,," 1,180,147,712 ",,,,,
,,,,,,,
,,,,,,,
,,,,,,,
,,,,,,,
,,,,,,,
,,,,,,,
,,,,,,,
,,,,,,,
,,,,,,,
,,,,,,,
,,,,,,,
,,,,,,,
,,,,,,,
,,,,,,,
,,,,,,,
,,,,,,,
,,,,,,,
,,,,,,,
,,,,,,,
,,,,,,,
,,,,,,,
,,,,,,,
,,,,,,,
,,,,,,,
,,,,,,,
,,,,,,,
,,,,,,,
,,,,,,,
,,,,,,,
,,,,,,,
,,,,,,,
,,,,,,,
,,,,,,,
,,,,,,,
,,,,,,,
,,,,,,,
,,,,,,,
,,,,,,,
,,,,,,,
,,,,,,,
,,,,,,,
,,,,,,,
,,,,,,,
,,,,,,,
,,,,,,,
,,,,,,,
,,,,,,,
,,,,,,,
,,,,,,,
,,,,,,,
,,,,,,,
,,,,,,,
,,,,,,,
,,,,,,,
,,,,,,,
,,,,,,,
,,,,,,,
,,,,,,,
,,,,,,,
,,,,,,,
,,,,,,,
,,,,,,,
,,,,,,,
,,,,,,,
,,,,,,,
,,,,,,,
,,,,,,,
,,,,,,,
,,,,,,,
,,,,,,,
,,,,,,,
,,,,,,,
,,,,,,,
,,,,,,,
,,,,,,,
,,,,,,,
,,,,,,,
,,,,,,,
,,,,,,,
,,,,,,,
,,,,,,,
,,,,,,,
,,,,,,,
,,,,,,,
,,,,,,,
,,,,,,,
,,,,,,,
,,,,,,,
,,,,,,,
,,,,,,,
,,,,,,,
,,,,,,,
,,,,,,,
,,,,,,,
,,,,,,,
,,,,,,,
,,,,,,,
,,,,,,,
,,,,,,,
,,,,,,,
,,,,,,,
,,,,,,,
,,,,,,,
,,,,,,,
,,,,,,,
,,,,,,,
,,,,,,,
,,,,,,,
,,,,,,,
,,,,,,,
,,,,,,,
,,,,,,,
,,,,,,,
,,,,,,,
,,,,,,,
,,,,,,,
,,,,,,,
,,,,,,,
,,,,,,,
,,,,,,,
,,,,,,,
,,,,,,,
,,,,,,,
,,,,,,,
,,,,,,,
,,,,,,,
,,,,,,,
,,,,,,,
,,,,,,,
,,,,,,,
,,,,,,,
,,,,,,,
,,,,,,,
,,,,,,,
,,,,,,,
,,,,,,,
,,,,,,,
,,,,,,,
,,,,,,,
,,,,,,,
,,,,,,,
,,,,,,,
,,,,,,,
,,,,,,,
,,,,,,,
,,,,,,,
,,,,,,,
,,,,,,,
,,,,,,,
,,,,,,,
,,,,,,,
,,,,,,,
,,,,,,,
,,,,,,,
,,,,,,,
,,,,,,,
,,,,,,,
,,,,,,,
,,,,,,,
,,,,,,,
,,,,,,,
,,,,,,,
,,,,,,,
,,,,,,,
,,,,,,,
,,,,,,,
,,,,,,,
,,,,,,,
,,," 282,869,545 ",,,,
,,,,,,,
,,,,,,,
,,,,,,,
,,,,,,,
,,,,,,,
,,,,,,,
,,,,,,,
,,,,,,,
,,,,,,,
,,,,,,,
,,,,,,,
,,,,,,,
,,,,,,,
,,,,,,,
,,,,,,,
,,,,,,,
,,,,,,,
,,,,,,,
,,,,,,,
,,,,,,,
,,,,,,,
,,,,,,,
,,,,,,,
,,,,,,,
,,,,,,,
,,,,,,,
,,,,,,,
,,,,,,,
,,,,,,,
,,,,,,,
,,,,,,,
,,,,,,,
,,,,,,,
,,,,,,,
,,,,,,,
,,,,,,,
,,,,,,,
,,,,,,,
,,,,,,,
,,,,,,,
,,,,,,,
,,,,,,,
,,,,,,,
,,,,,,,
,,,,,,,
,,,,,,,
,,,,,,,
,,,,,,,
,,,,,,,
,,,,,,,
,,,,,,,
,,,,,,,
,,,,,,,
,,,,,,,
,,,,,,,
,,,,,,,
,,,,,,,
,,,,,,,
,,,,,,,
,,,,,,,
,,,,,,,
,,,,,,,
,,,,,,,
,,,,,,,
,,,,,,,
,,,,,,,
,,,,,,,
,,,,,,,
,,,,,,,
,,,,,,,
,,,,,,,
,,,,,,,
,,,,,,,
,,,,,,,
,,,,,,,
,,,,,,,
,,,,,,,
,,,,,,,
,,,,,,,
,,,,,,,
,,,,,,,
,,,,,,,
,,,,,,,
,,,,,,,
,,,,,,,
,,,,,,,
,,,,,,,
,,,,,,,
,,,,,,,
,,,,,,,
,,,,,,,
,,,,,,,
,,,,,,,
,,,,,,,
,,,,,,,
,,,,,,,
,,,,,,,
,,,,,,,
,,,,,,,
,,,,,,,
,,,,,,,
,,,,,,,
,,,,,,,
,,,,,,,
,,,,,,,
,,,,,,,
,,,,,,,
,,,,,,,
,,,,,,,
,,,,,,,
,,,,,,,
,,,,,,,
,,,,,,,
,,,,,,,
,,,,,,,
,,,,,,,
,,,,,,,
,,,,,,,
,,,,,,,
,,,,,,,
,,,,,,,
,,,,,,,
,,,,,,,
,,,,,,,
,,,,,,,
,,,,,,,
,,,,,,,
,,,,,,,
,,,,,,,
,,,,,,,
,,,,,,,
,,,,,,,
,,,,,,,
,,,,,,,
,,,,,,,
,,,,,,,
,,,,,,,
,,,,,,,
,,,,,,,
,,,,,,,
,,,,,,,
,,,,,,,
,,,,,,,
,,,,,,,
,,,,,,,
,,,,,,,
,,,,,,,
,,,,,,,
,,,,,,,
,,,,,,,
,,,,,,,
,,,,,,,
,,,,,,,
,,,,,,,
,,,,,,,
,,,,,,,
,,,,,,,
,,,,,,,
,,,,,,,
,,,,,,,
,,,,,,,
,,,,,,,
,,,,,,,
,,,,,,,
,,," 546,018,200 ",,,,
,,,,,,,
,,,,,,,
,,,,,,,
,,,,,,,
,,,,,,,
,,,,,,,
,,,,,,,
,,,,,,,
,,,,,,,
,,,,,,,
,,,,,,,
,,,,,,,
,,,,,,,
,,,,,,,
,,,,,,,
,,,,,,,
,,,,,,,
,,,,,,,
,,,,,,,
,,,,,,,
,,,,,,,
,,,,,,,
,,,,,,,
,,,,,,,
,,,,,,,
,,,,,,,
,,,,,,,
,,,,,,,
,,,,,,,
,,,,,,,
,,,,,,,
,,,,,,,
,,,,,,,
,," 1,180,147,712 "," 282,869,545 ",,,,
,,,,,,,
,,,,,,,
,,,,,,,
,,," 282,869,545 ",,,,
,,,,,,,
,,,,,,,
,,,,,,,
,,,,,,,
,,,,,,,
,,,,,,,
,,,,,,,
,,,,,,,
,,,,,,,
,,,,,,,
,2849880957," 6,697,812,955 "," 3,854,808,578 ",5692885334,,,
,2850146427," 51,798,104 "," 24,322,107 "," 2,877,622,424 ",,,
,-265470," 6,646,014,851 "," 3,830,486,471 ",2815262910,,,
,,,,,,,
,,,,,,,
,,,,,,,
,,,,,,,
,,,,,,,
,,,,,,,
,,,,,,,
,,,,,,,
,,,,,,,
,,,,,,,
,,,,,,,
,,,,,,,
,,,,,,,
,,,,,,,
,,,,,,,
,,,,,,,
,,,,,,,
,,,,,,,
,,,,,,,
,,,,,,,
,,,,,,,
,,,,,,,
,,,,,,,
,,,,,,,
,,,,,,,
,,,,,,,
,,,,,,,
,,,,,,,
,,,,,,,
,,,,,,,
,,,,,,,
,,,,,,,
,,,,,,,
,,,,,,,
,,,,,,,
,,,,,,,
,,,,,,,
,,,,,,,
,,,,,,,
,,,,,,,
,,,,,,,
,,,,,,,
,,,,,,,
,,,,,,,
,,,,,,,
,,,,,,,
,,,,,,,
,,,,,,,
,,,,,,,
,,,,,,,
,,,,,,,
,,,,,,,
,,,,,,,
,,,,,,,
,,,,,,,
,,,,,,,
,,,,,,,
,,,,,,,
,,,,,,,
,,,,,,,
,,,,,,,
,,,,,,,
,,,,,,,
,,,,,,,
,,,,,,,
,,,,,,,
,,,,,,,
,,,,,,,
,,,,,,,
,,,,,,,
,,,,,,,
,,,,,,,
,,,,,,,
,,,,,,,
,,,,,,,
,,,,,,,
,,,,,,,
,,,,,,,
,,,,,,,
,,,,,,,
,,,,,,,
,,,,,,,
,,,,,,,
,,,,,,,
,,,,,,,
,,,,,,,
,,,,,,,
,,,,,,,
,,,,,,,
,,,,,,,
,,,,,,,
,,,,,,,
,,,,,,,
,,,,,,,
,,,,,,,
,,,,,,,
,,,,,,,
,,,,,,,
,,,,,,,
,,,,,,,
,,,,,,,
,,," 8,249,635,356 ",,,,
